,exercise
0,Reverse Machine Press
1,Bent Over Kettlebell Row
2,Overhead Plate Extensions ^
3,Swiss Ball Roll
4,Smith Machine Row 
5,Seated Barbell Press - Power
6,Push-Ups
7,Wide Grip Seated Cable Row
8,Lunge & Twist (While holding a dumbbell)
9,Machine Curl - 50 rep death set
10,Dumbbell Iso Curl
11,Dumbbell Upright Row
12,Cross-Body Hammer Curl
13,Standing Wrist Curl
14,Kettlebell Swing or Plie Squat
15,Bent Over Row (10% lighter than Workout A)
16,Cable Laterals (behind the glutes)
17,Dips (2/1/3 Tempo)
18,2 Chair Press Up
19,Kettlebell Clean
20,Band Pull Aparts
21,Lying knee raises
22,Pause Pullups
23,Hang Clean to Push Press
24,V-Bar Tricep Pressdowns
25,Deep Squats (3 Second Pause At Bottom)
26,Incline Dumbbell Lateral Raise
27,Lateral Crawls
28,Front Raises
29,Kick Backs
30,Palov Press - Front Raise
31,Calories From Fat
32,Heavy Deadlift
33,"Machine Dip or Extension - Last set, drop set"
34,Incline Bench Serrano Press
35,Barbell Row
36,Trap Bar or Barbell Rack Pull
37,"12:00
Lunch"
38,Rows 
39,Decline Sit Up
40,Machine Incline Press
41,Barbell 21s
42,Kettlebell French Press
43,Bent Over Row - Week 1 (Any rep range can be used)
44,Smith Machine Split Squat
45,Single Stiff-Leg Deadlift
46,Incline or Flat Bench Dumbbell Press
47,Machine Twisting Crunches*
48,90 Degree Side Barbell Preacher Curl
49,Dumbbell Lunge
50,Lying Dumbbell Extension
51,Dumbbell Curl
52,Leg Press - Warmup 85%
53,Reverse Dumbbell Press
54,70% of 1RM
55,TRX Pikes
56,Serrano Misdirection Curls
57,Single Arm Crossbody Rope Tricep Extensions
58,High Machine Seated Row
59,Elbows Out Dumbbell Extension
60,Squat (heavy pyramid set)
61,B1: Reverse-Grip Chin-Up
62,Calf Press
63,Depth Jump 
64,Cable Kickbacks
65,Squat Thrusts
66,Alternating dumbbell preacher curls
67,Tricep Iso
68,Dumbbell Front Raise
69,Zottoman Hand Curl
70,15%
71,Rope Pressdown
72,Squat / Lunges / Leg Extension Tri-Set
73,Seated One Arm Overhead Dumbbell Extension
74,Dumbbell Cuban Press
75,Bodyweight Walking Lunge
76,Smith Machine Close Grip Bench Press
77,Standing Suspension Roll
78,2 Board Close Grip Bench Press
79,Dumbbell Reverse Fly
80,Dumbbell Stiff Leg Deadlifts or Glute Ham Raise
81,Kettlebell RDL
82,Rope Cable Tricep Extensions
83,Lateral Raise Machine
84,Medium/Wide-Grip Pullup
85,Extended Plank Lateral Arm Raise 
86,Dumbbell Goblet Squat 
87,position for 2mins
88,Underhand Grip Smith Row
89,Hammer Dumbbell Curl
90,Superset - Dumbbell Lunge
91,Reverse Grip Dumbbell Row
92,Superset - Machine Chest Press
93,Sandbag Situps
94,1 Leg Pushups
95,Standing Band Half Crunch
96,Lying Leg Curl 
97,Barbell Clean and Press
98,Low Incline Barbell Press (in Squat Rack)
99,Barbell Thrusters
100,Dumbbell Kickback
101,Alternating Shoulder Press
102,Chest Supported Machine Row
103,Overhead EZ Bar Tricep Extension
104,Ab Wheel
105,Superset - Dumbbell Flyes
106,Shoulder Press and Pulldown
107,Hanging Leg Raise
108,Standing One Leg Dumbbell Calf Raise
109,Leaning Dumbbell Lateral Raise
110,Standing Machine Calf Raise
111,RDL
112,Run
113,Seated Arnold Press - Muscle
114,Static Barbell Hold
115,Barbell Hang Clean
116,Hyperextensions with plate
117,Barbell Curl (45 seconds rest between sets)
118,Narrow Unilateral Lat Pull
119,Tricep Pulldown across Chest with Resistance
120,Seated Shoulder Press (1 1/2 Reps)
121,Cable Push-Downs
122,Standing Cable Chop 
123,Set 12
124,Standing Barbell Push Press (split stance)
125,Single Arm Lateral Machine Raise
126,Pull Ups or Chin Ups
127,Back Extension
128,press 
129,"Squats - 90% for 1st set, 5lbs heavier for 2nd set and 10lbs heavier for the 3rd set (Example 410lbs x 3, 415lbs x 3, 420lbs x 3)"
130,Knee Bends
131,Standing Cable Lift 
132,Barbell Good Mornings
133,Superset: Dumbbell Walking Lunge *** (10 steps each leg) and Leg Press (Rest 75-90 seconds between moves and 90-120 seconds between rounds)
134,Close-Grip Push-Up
135,Under Grip Lat Pull Down
136,Sit Ups
137,Reverse Cable Fly
138,- Ring Lay Outs (on plyo box)
139,Superset - Side Lateral Raise
140,Dumbbell Side Crunch
141,Set 9
142,DB Incline Press
143,Hack Squat Machine
144,Sled Push
145,Half Kneeling Facepull
146,Incline DB Flyes
147,Side Clams
148,Incline Curls
149,Boxing
150,Standing High Pulley Cable Fly
151,Frog Pump
152,Hammer Strength Pull Down
153,Dumbbell Lateral Squat
154,Barbell Rows - Muscle
155,Bench Step Ups
156,"3a, Romanian Deadlift"
157,Abdominal Air Bike (see instructions)
158,40 Yards
159,(Assisted) Push Up
160,Tricep Extensions
161,Calories Burned
162,Close Grip Floor Press
163,Bar
164,Ring Push Ups
165,Lying Dumbbell Tricep Extension
166,Cambered Bar Curl/Lying Tricep Extension
167,Overhead Extension
168,Side Crunch with Leg Lift
169,Spider Curl
170,"Leg Press, Hack Squats or Lunges"
171,Dumbbell Walking Lunge
172,Bent Over Rear Delt Row
173,Walkouts From Knees
174,Dumbbell Punches
175,Single Leg Deadlift
176,Superset - Close Grip Bench Press
177,Superset - EZ Bar Reverse Curls
178,Dumbbell Stiff Leg Deadlifts
179,Walking Lunge (Reps are for each leg)
180,Dumbbell Stiff Leg deadlift
181,Finger Lock Chest Pull
182,Dumbbell Pinwheel Curl
183,Cable Pullthrough
184,Single Leg Lying Curl
185,Hack Squats
186,Single Arm Kettlebell Fly
187,Kettlebell Reverse Lunge
188,Reverse Grip Bent Over Row
189,TRX Push-Up
190,Dumbbell Chest Fly
191,"Cable/Dumbbell/T-Bar rows (choose 1 per week, rotate)"
192,Palov Press - Press Straight Out (on swiss ball)
193,Push Up Plank
194,Cable Side Lateral Raise
195,Quarter Squat From Bottom Position
196,Split Squats
197,2A: Parallel Bar Dips or Bench Dips
198,Dumbbell Side Lunge
199,3B: Reverse Lunges
200,Pull Up (or Lat Pull Down)
201,Alternating Dumbbell Bench Step
202,Narrow Grip Pull Down
203,Plyometric Push-Up
204,Flat Cable Flye
205,Plie Dumbbell Squats
206,Prone Reverse Raise
207,Resisted Jump Throughs 
208,Pull Up or Rack Chins
209,Single Arm Rope Pushdown
210,Dumbbell Bench Press *
211,Seated Leg Curl
212,Ab Wheel or Barbell Roll Out
213,V
214,EZ Bar Skullcrusher - Muscle
215,Push Up w
216,Jog Around the Block 2
217,Overhead Triceps Extension
218,Alternating Lateral Raise
219,Rear Foot Elevated Bulgarian Split Squats
220,12%
221,Reverse-Grip Bent-Over Row
222,Reverse-Grip Pull-Downs
223,French Press
224,Chair Step Up
225,Cable Side Laterals
226,3 Way Band Pull Apart
227,Standing dumbbell curls (both at the same time)
228,Barbell Bent Over Row
229,One Arm Row
230,Overhead Tricep Extension
231,Standing Barbell Curl (or Standing Dumbbell Curl)
232,Pendulum Lunge
233,Skullcrushers
234,Hammer Curls
235,Wide Straight Leg Sit Up
236,Seated Two-Arm Overhead Extension
237,Closegrip Bench Press - Power
238,Incline Bench Curl
239,Incline Alternating Curl
240,Bench Dip
241,Front squat and Romanian deadlift
242,Spider Bar Squats
243,Medium-Width Grip Pull-Ups
244,Barbell row
245,High Feet Leg Press
246,Resistance Band Row
247,Barbell Snatch Grip Deadlift (Use 20% less weight than your previous working sets)
248,Side Crunch
249,Thoracic Twist
250,Superset: Standing Barbell Shoulder Push Press & Rear Delt Rope Pull
251,Incline Cable Push-Outs
252,Ab Wheel Roll Out
253,Seated Barbell Calf Raise
254,Seated French Press
255,Kettlebell Suitcase Deadlift
256,Hang Clean 
257,Left Leg Calf Raise
258,Weighted Sit Up (with dumbbell on chest)
259,Single Dumbbell Front Raise
260,Leg Extensions - Working Sets
261,Dumbbell Military Press
262,Incline Barbell Skull Crusher
263,Incline bench barbell press
264,Barbell Front Squat
265,Medicine Ball Gut Shredder
266,Booty Bands
267,Seated Chest Press Machine
268,V-Bar Pushdown (45 seconds rest between sets)
269,Dumbbell Press with Slight Incline
270,Waiter Walks
271,4
272,Barbell deep squat
273,Bent Over Dumbbell Flyes - Working Sets
274,Cable Triceps Press
275,Lateral Raise with Resistance
276,Machine Curls
277,Rope Face Pull
278,Nautilus duo squat +
279,15 Secs
280,Bodyweight Rear Lunge
281,Toes to Bar or Hanging Knee Raise
282,Rack Deadlifts
283,Toes to Bar
284,Feet Elevated Plank
285,Underhand Pull Down
286,Side Lateral Raises
287,Bench Press or Dips
288,Incline DB Row
289,Flat Bench Barbell Press
290,Plate Pinch
291,Medium-Grip Chin-Up
292,Floor Reach
293,Alternating Bodyweight Lunges
294,Modified Arching Pull Up
295,"Combo #2:
Jab/Cross/Left Hook/Right Leg Roundhouse"
296,Standing Hamstring Curl
297,Seated Reverse Machine Fly
298,Farmer
299,Barbell Deadlift
300,Superset - Bent Over Reverse Flyes
301,Deadlifts @ 75%
302,Power Barbell Shrugs
303,Dumbbell Biceps Curl
304,Jump Lunges
305,Hammer Strength Lat Pulldown
306,Standing Press
307,Single Arm Rear Delt Raise
308,Heavy Loaded Carry
309,Smith Machine Overhead Press
310,Incline DB Fly
311,Drag Curl
312,Dumbbell Chest Press 
313,Shoulder Press
314,Machine Glute Kickback
315,Heavy Stone Clean & Put
316,Straight Leg Raises
317,Feet Elevated Inverted Row
318,Single Arm Cable Press Down
319,Seated Lateral Raise - Warmup 80%
320,Squats - Up to 495
321,Bench Press - 135lbs
322,Sandbag Get Up w/ Lumberjack Press *****
323,Dumbbell Bench Press (Drop Set)
324,"Hanging knee raise, twisting"
325,Landmine Twist
326,Barbell Front Raise 
327,Cable Shrug
328,Single arm cable curls
329,Dumbbell Split Squat
330,Pullover
331,Decline Weighted Twist
332,Rope Climb (x1) or Towel Chins
333,Standing Single Leg Calf Raise
334,"20:00
Dinner"
335,Terminal Knee Extension
336,Dumbbell Bulgarian Split Squat
337,A1: Standing Barbell Shoulder Press
338,Resistance Band Lat Pull Down
339,Alternate Seated Dumbbell Curl
340,Dumbbell Kickbacks 
341,Standing Single Arm Lateral Raise
342,Push-ups
343,Burpee to Pull Up
344,Stiff Leg Deadlift
345,Underhand Grip Bent Over Row
346,"Tri-set: Incline barbell bench press, Wide-grip pull-up and push-up"
347,Reverse Hyper Extension (on Swiss Ball)
348,Band Reverse Fly
349,Forearm Wrist Curl
350,Dumbbell Walking Lunge *
351,Barbell Good Morning
352,Calf Raise
353,Superset - Bench Dips
354,Wide-Grip Lat Pulldown
355,95% of 1RM
356,Suspension Supine Row
357,Incline Dumbbell Bench Press - Muscle
358,Sumo RDL
359,One Arm Seated Dumbbell Extension
360,Stacked One Arm Row (AMRAP & Switch Arms)
361,Standing Dumbbell Front Raise
362,Front Squat or Leg Press
363,Banded Good Morning
364,Front Delt Raise
365,Single Arm Overhead Kettlebell Walking Lunge
366,Seated Wrist Curls
367,Bent Over Lateral Raise with a Twist
368,Squats: Add 5lbs and perform 5x3 reps with 60 seconds rest between sets
369,Feet Elevated Push
370,Underhand Lat Pull Down
371,Horizontal Cable Biceps Curl
372,Ab Bicycle
373,Standing Upright Row
374,Close Grip Push Up
375,Split Stance Belly Press
376,Plank to Hip Raise
377,Pec Minor Dip
378,DB Goblet Lateral Lunge
379,2 to 3 Back Exercises of Choice
380,GHR Sit Up
381,Goblet Sumo Squat
382,T-Bar Row
383,Flat bench barbell press
384,Cable Hammer Curl
385,One-leg calf raise
386,Lying Tricep Extensions
387,Medicine Ball Front Squat
388,Skips
389,Rope Triceps Pushdown
390,Bench Press 
391,Machine Shrug
392,Single Leg Press
393,45 Degree Calf Raise  - Burn
394,Medicine Ball Roll Outs (from knees)
395,Set 14
396,Medicine Ball Sit Up to Leg Extension
397,Weighted Wall Sits
398,Sprints (at least 20 yards)
399,Lying Dumbbell Triceps Extension
400,"Combo #1:
Jab/Cross/Left Leg Roundhouse"
401,Tricep Pushdown (Using EZ or cambered bar)
402,Russian Twists
403,Dumbbell Flye or Cable Crossover - Pre-Fatigue
404,Incline Flys
405,High Elbow Row
406,Deadlifts with Chains
407,8
408,Bench Press - Week 1
409,High Cable Curl
410,Lower Body Sled
411,Barbell Reverse Lunge
412,A1: Incline Smith Machine Chest Press
413,Barbell Curl or Pinwheel Curl
414,Adductor Machine
415,Plank Right Foot Raises
416,Week 10
417,Cable Crunch
418,Pause Back Squat*
419,Rear Lunge
420,Cable Crunch 
421,Turkish Get Up (Alternate each side)
422,Smith Machine Squats
423,Close-Grip Bench
424,Diesel Row
425,Rock Grip Pull Ups
426,45 Degree Leg Press
427,Seated Low Cable Row
428,Cable Rope Crunch
429,Box Jumps
430,10 Inch Box Squat
431,Leg Press - Burn
432,Rope Curls
433,Wall Sits w
434,Reverse Grip Pushdown
435,Dumbbell Bicep Curl
436,Seated Dumbbell Side Lateral
437,Wide-Grip Pull-Up (warm up 2x12 on Lat Pull Downs)
438,Running - High Knees
439,Superset: Standing Calf Raise and Seated Calf Raise (Rest 45 seconds between moves and 75 seconds between rounds)
440,Dumbbell Hammer Curls
441,100% of 1RM
442,"Machine Bicep Curl - Last set, drop set"
443,Tire Flips
444,Hang Snatch 
445,Seated Calf Raise (30 seconds rest between sets)
446,Rope Cable Curl
447,Hammer Machine Incline Press 
448,Hammer Strength Flat Press
449,Heavy T
450,3 Second Eccentric Chin Up
451,Barbell back squat
452,Butt Kicks
453,Swiss Ball Crunch
454,Close Grip Preacher Curl
455,Ab Crunch Machine
456,Crossover
457,Neutral Grip Cable Row
458,Banded or dumbbell curl and banded or dumbbell kickback
459,Hyperextensions**
460,3 Second Eccentric Bench Press
461,Decline Weighted Sit Up
462,Bench Dips (Put plates in your lap to add resistance; only 45 sec rest between sets)
463,Superset - Front Laterals
464,Standing alternating hammer curls
465,Single Leg Dumbbell Calf Raise
466,Dumbbell Serrano Press
467,Skullcrusher or Cable Pressdowns
468,BB Flat Bench Press*
469,Bodyweight Skulls
470,Triceps Rope Pressdown
471,Incline Bench Barbell Press
472,Barbell Curl or Standing Dumbbell Curl
473,Superset: Incline Dumbbell Curl & Overhead Dumbbell Tricep Extension
474,Butt Kick Jumps
475,Side Plank (Max time per side)
476,Dumbbell Single Leg Squat to Box 
477,Superset - Upright Rows
478,Superset - Barbell Row
479,Reverse Fly Machine
480,Smith Squats
481,Cable Reverse Curl
482,Neutral Grip Lat Pull Down
483,Heavy Dumbbell Row
484,2A: TRX Triceps Extensions
485,One-Arm Dumbbell Row
486,Superset - Cable Tricep Extensions
487,Seated Bent Over Rear Delt Fly
488,Hang Clean
489,BB Incline Press
490,Overhead Barbell Shoulder Shrug
491,Superset: Barbell Hack Squat and Sissy Squat ** (Rest 60-75 seconds between moves and 75-90 seconds between rounds)
492,IT Band Foam Roller
493,Assited Pull Up
494,Frog Sit Up
495,Tricep Rope Push Down
496,Upper Body Activation Flow
497,Hex Bar Power Shrug
498,12
499,Tripod Dumbbell Row
500,Dumbbell Shoulder Press
501,Barbell Push Press
502,Side Squat
503,Seated Calf Raise
504,Superset - Dumbbell Shrugs
505,X Lunges holding dumbbells
506,Hands on Bench Push
507,Dumbbell Shrugs - Working Sets
508,Triceps - 2 Exercises
509,Depth Push-Up
510,Seated Lateral Raise - Working Sets
511,Bicycle
512,Band Pull Apart
513,Dumbbell Bent
514,3 Second Eccentric Pull
515,Dumbbell Bench Press
516,Superset - Arnold Dumbbell Press
517,Feet Elevated Push-Ups
518,Cable Rope Hammer Curl
519,Set 6
520,Superset: Dumbbell hammer curl and dumbbell kickback
521,Floor Dumbbell Flys
522,Single Arm Reverse Cable Fly
523,Leg Press (Increase weight as desired)
524,Flat Bench Cable Fly
525,Seated Dumbbell Biceps Curl
526,Side Bend
527,Tall Kneeling Cable Chop 
528,"Sprint Intervals (Any form - 2:1 ratio, low to high intensity)"
529,Heels Elevated Dumbbell Squat
530,Standing Barbell Curl  - Muscle
531,Stiff Arm Pull Down
532,Barbell Row or Yates Row or Seated Cable Row
533,Stability Alternates (off knees)
534,Reverse Grip Pull Down
535,Flutterkick
536,Wide Grip Pull Up
537,Banded External Rotation 
538,Push Ups - Superset #3
539,Feet-elevated push-up/jump split squat
540,Leg Curl - Burn
541,"Giant set: Feet-elevated push-up, close-grip pull-up, flat bench barbell press and bent-over barbell row"
542,Standing Knee to Elbow
543,Lateral to Front Raises
544,80% of 1RM
545,Waist @ Naval (Inches)
546,Seated Leg Curl 
547,Pushup
548,Warm-Up: Cambered Bar Curl/Lying Tricep Extension
549,Cardio (Eliptical or Tredmill)
550,Dumbbell Lateral Raise superset w/ Front Dumbbell Raise
551,Pause Squat
552,Seated Dumbbell Press - Working Sets
553,Low Pulley Crunches
554,Preacher Dumbbell Curl on Incline Bench
555,Leg Curl
556,Side Lunges
557,Free Weight Squats
558,High Seated Row
559,Lunge
560,Dumbbell Bench
561,Weighted Push Up
562,Plank Jacks to In
563,Cable Hammer Curls with Rope
564,Seated Dumbbell Curl - Muscle
565,Feet
566,Dumbbell Overhead Triceps Press
567,Stiff Leg Dead/Leg curl superset+dropset
568,Assisted Pull Up Machine
569,Lying Dumbbell Pullover
570,Bent Over Rear Delt Fly
571,Squat @ 70%
572,Superset - Two Leg Dumbbell Calf Raise
573,Barbell Lunges
574,Close Grip Dumbbell Press on the Floor
575,Weighted exercise ball crunch
576,Get Ups
577,Rear Delt Fly (Race to 100 Reps)
578,Week 8
579,Military Press / Bench Press (Alternate)
580,Weight Holds
581,Barbell Drag Curl
582,Tricep Dips 3
583,Alternating Swing
584,Serrano Press
585,Overhead Snatch
586,Incline Flyes
587,One Arm Cable Curls
588,Pec Dec or Cable Crossovers - Superset #2
589,Alternating Front & Back Shoulder Barbell Press
590,Horizontal Biceps Curl
591,Superset - Pec Dec
592,Z Press
593,"Incline Dumbbell Curl (5 count twist, then 2 more reps)"
594,Band Twists
595,Chin ups
596,Wrist Flexors
597,Dumbbell Sumo Squats
598,Dumbbell Rows 
599,Bottom Position Seated Military Press - Week 2
600,Standing Cable Curl
601,90% of 1RM
602,Bent Over Barbell Row
603,Dumbbell Calf Raise
604,Dumbbell Flat Bench Press
605,Pull
606,Alternating Plyo Lunges
607,Rear Lateral Raise
608,Squats (Use the same weight as your heaviest set on Monday)
609,Seated Machine Chest Press
610,Weighted Chin Ups (Palms towards face)
611,Barbell Conventional Deadlift
612,Jump Squats or Box Jumps
613,Wide grip pull ups
614,Plank Walk Outs
615,Dumbbell Romanian Deadlift
616,Overhead Cable Extension
617,Neutral Grip Overhead Press
618,Weighted Decline Sit Ups - Muscle
619,Two Arm Dumbbell Rows
620,Standing Dumbbell Row
621,1 mile run
622,One Arm Dumbbell Row
623,Jack Knives
624,Shadow box
625,Trap Bar Deadlift
626,Upright Barbell Row
627,V Bar Pull Down
628,Barbell Preacher Curl  - Muscle
629,Single Arm Snatch - Week 2
630,Dumbell Shrugs
631,Unilateral Reverse Tricep Extension
632,Single Leg Bodyweight Glute Bridge
633,Med Ball Woodchoppers
634,Single-Arm Kettlebell Strict Press
635,Standing Calf Raise (one leg)
636,Diamond push-up/Kettlebell swing
637,Standing Band Punch
638,Tricep Cable Pushdown
639,Pikes Layouts (On Swiss Ball)
640,45% of 1RM
641,Alternating dumbbell shoulder press/reverse lunge
642,Superset - Smith Machine Overhead Press
643,Leg Raises
644,Dead Bugs
645,Dumbbell Bench Press - Muscle
646,Deadlifts @ 90%
647,Serrano Pause Squats
648,Standing One Arm Cable Row 
649,Dumbbell Rows  - Muscle
650,Dumbbell Goblet Squat
651,Bench Press Shrug
652,Kettlebell Chest Press
653,Reverse Hyper Extension
654,Lat Pull Down
655,Flat Dumbbell Bench
656,Single Arm Machine Lateral Raise
657,Turkish Get Up
658,Parallel dip and barbell curl
659,Single Arm Cable Pulldown
660,Shadow Boxing Combination
661,TRX Trainer Suspension Row
662,Seated Concentration Curl
663,Pushup w
664,Squats - Working Sets
665,Sliding Leg Curl
666,Alternate Straight Leg Lower
667,Shoulder Press Machine
668,EZ Bar Upright Row
669,Hammer Strength Press or Smith Press
670,Cable Curls ^
671,Cable Lateral Raises
672,Overhead Press working up to a 95% single
673,Front Cable Raise
674,Seated Side Lateral Machine
675,Standing Dumbbell Side Lateral
676,Rear Leg Elevated Split Squat
677,Standing or Seated Calf Raise
678,Stomach Vacuum
679,Seated Crunch
680,EZ Bar Curls 
681,Lat Pull Down - Warmup 85%
682,Unilateral Barbell Row 
683,Romanian Deadlift - Power
684,Deadlift - Warmup 80%
685,Dumbbell Shrugs
686,Bent Over Reverse Flyes
687,Hammer Strength Low Row
688,Single Arm Resistance Band Pull Down
689,2 mile run
690,Heel Touches
691,Cable Crossovers (see instructions)
692,Jab-Cross Combo
693,Rope Climb (x1) or Towel Chins (L-Position)
694,Incline Barbell Bench
695,Meadow Rows
696,Smith Military Press
697,Chest Supported Row
698,Lateral Jumps
699,Close Grip Triceps Press (elbows wide)
700,Seated Dip Machine
701,Rope Face Pulls
702,Warrior Twist
703,Superset - Lat Pull Down
704,Seated Chest Press
705,Deadlifts @ 75% or Deadlift variation if CNS needs a break
706,Smith Machine Bench
707,Standing Band Shoulder Press
708,Plank
709,SHELC
710,Weighted Crunches
711,Twisting Bench Crunch (Reps are per side)
712,Elevated Leg Extension
713,Stiff Leg Deadlift - Warmup 80%
714,15
715,High Knee Runs
716,Pull Ups or Lat Pull Down or T Bar Row
717,- 4 Set Rack Drop
718,Bulgarian Split Squat 
719,Seated Calf Raises (45-60 secs rest between sets)
720,Seated Machine Reverse Fly
721,Reverse Grip Incline Dumbbell Press
722,Row Machine
723,Barbell Military Press
724,4B: Kettlebell Sumo Squats
725,Goblet Squat to OHP
726,Seated or Standing Calf Raise
727,Close Grip Bench Press **
728,Leg Press - Feet High And Close
729,6%
730,Hill Sprints
731,Romanian Deadlift - Rest 90 seconds between sets
732,Straight Leg Hold
733,Medium Stone 1 Arm Put (Alternate sides)
734,Lying Knee Tucks
735,Hammer Strength Press
736,Low Angle Incline Dumbbell Press
737,Squat 1
738,Dumbbell Split Squat 
739,Medium Grip Pull Ups (warm up sets use Lat Pull Downs)
740,Tricep Press Down
741,Med Ball Slams
742,Leg Extension - Burn
743,6
744,Flat Machine Chest Press
745,TRX Row
746,Plank (Hover)
747,Close grip bench press
748,Barbell Squat
749,Wide Grip Lat Pulldowns
750,Hamstring Bridge
751,Reverse Grip Clean and Press
752,Glute Cable Kickback
753,Flat Barbell Bench Press
754,Cable Face Pull
755,Ab Machine Oblique Crunch
756,Chest Dip
757,Glute Ham Raise
758,Seated Rack Barbell Press
759,Front Reverse Lunge 
760,3A: Jump Split Squats
761,Set 8
762,Double Plate Raise
763,Barbell Bench Press
764,Banded Curl
765,Tricep Cable Pressdowns
766,Cable Curl
767,Front Squats
768,Standing Barbell Press
769,Incline Dumbbell Side Lateral Raise
770,Push Up (knees + 10 sec) 3
771,Superset: Flat bench dumbbell press and two-arm dumbbell row
772,5B: TRX Leg Tucks
773,Standing Walk Out & Walk In
774,Pec Dec Fly
775,Pike Push-Up
776,Bent Over Lateral Raise
777,Hammer Strength Lat Pull Down
778,Hammer Strength Decline Press
779,Lying Leg Curls
780,Rear Delt Cable Fly
781,Half Kneeling Cable Lift 
782,Toe Raise on Leg Press
783,Skullcrusher
784,11
785,(Weighted) Hyperextension
786,High Rack Pull & Power Shrug Combo
787,Cable Pressdowns
788,Dumbbell Hammer Curl
789,Standing Kettlebell Twist
790,Weighted Dip
791,Straight Bar Pushdown
792,Glute Ham Raise (superset)
793,TRX Suspension Supported Pistol Squat
794,Bodyweight Hip Thrust
795,Barbell or Dumbbell Shrug
796,Zercher Squat (Sumo Stance)
797,Burpees
798,Incline Machine Bench Press
799,Standing EZ Bar Curls
800,Seated Leg Extensions
801,Floor Dumbbell Fly
802,Close-Grip Pull-Up
803,Seated Dumbbell Calf Raise
804,A1: Incline Bench Dumbbell Press
805,Incline Cable Front Raise
806,Weighted Incline Sit Up
807,Superset lat pull down / seated row
808,Narrow Grip Push Ups (2/1/1/3 Tempo)
809,Assisted Chin
810,Glute Bridge
811,Pec Dec - Burn
812,15% Incline Walk
813,Plank Right Arm Raised
814,Reverse
815,Smith Machine BTN Press
816,Superset - Cable Crunches
817,Walking Lunge (Reps are per leg)
818,Front Pulldowns
819,Standing Lat Row
820,by lifting 1 leg for 10secs
821,Dumbbell Shrug
822,Band Face Pulls
823,Leg Press  - Muscle
824,Smith Machine Shoulder Press
825,Machine Row - Working Sets
826,Superset - Weighted Situps
827,Ski Abs
828,Seated Overhead Dumbbell Extension
829,Seated Ball Dumbbell Shoulder Press
830,The Skull Crusher Gauntlet
831,Alternating Incline Curls w/5 Second Twist*
832,Farmers Carry
833,Seated Cable Row
834,Superset: Standing Barbell or TRX Curl & Parallel Bar Triceps Dips
835,Neutral Grip Machine Chest Press
836,60% of 1RM
837,Seated Cable Curl
838,Kettlebell Walking Lunge Pass
839,"16:00
Pre Workout Snack"
840,Dumbbell Row
841,Dumbbell Lunges (superset)
842,Heel Raise
843,Flutter Kicks
844,Close Grip Bench Press or Dumbbell Bench Press
845,Squat (Ramped Sets)
846,Reverse Pec Dec
847,Straight Bar Low Cable Curl
848,Shoulder Width Reverse Grip Pull Up
849,Weight Plate Front Raise
850,Seated One Arm Dumbbell Overhead Extension
851,Decline Weighted Crunch
852,Lat Pulldown
853,Banded Fly
854,Hammer Row
855,Single Leg Glute Bridge
856,Banded Single Leg Good Morning
857,Lying Cable Lateral Raise
858,Smith Machine Lunge
859,Side Crunches
860,One Arm Cable Preacher Curl
861,Pullovers 
862,Dumbbell Standing Calf Raise
863,Shoulders - 2 Exercises
864,Handstand Pushup
865,Bodyweight Dips
866,Inside Leg Raises
867,Dumbbell Rear Delt Lateral Raise
868,Side Lateral Raise*
869,1B: Weighted Medium-Grip Pull-Ups
870,DB Row
871,Lying Cable Curl
872,Wall Push Up
873,Seated One Arm Dumbbell Extrension
874,Push Ups (2/3/1 Tempo)
875,Reverse Grip Lat Pulldown
876,Chin Extension Press
877,Landmine Press
878,Shoulder Width Pull Ups or Inverted Rows
879,Standing Cable Overhead Extension
880,Vertical Pull
881,Cable Rope High Pull
882,Fast Run
883,Tricep Extension
884,Good Morning with Leg Resistance
885,Cross Body Hammer Curl
886,Hanging Leg Raises
887,Kettlebell Press
888,Incline Dumbbell Chest Press 
889,One Arm Lateral Raise
890,Hurdle Hops
891,Seated Curl
892,Inverted Rows
893,Stepped Toe Raise
894,Cable Biceps Curl
895,Single Arm Band Standing Flys
896,35% of 1RM
897,Incline Dumbbell Shrug
898,Single Leg Hip Thrust
899,Reverse Hyper
900,Reverse Pec Deck
901,Hanging Straight Leg Raise
902,Dumbbell Lunge (per leg)
903,Standing Glute Kickback
904,Heels Elevated Barbell Squat
905,Plyo Pushups
906,Band Shrug
907,Lying Bench Leg Raise
908,Wide Grip Bent Over Row
909,Stiff
910,Seated Cable Row or Machine Row
911,Seated Leg Curl or Romanian Deadlift
912,Incline DB Flys
913,Dumbbell Single Leg Deadlift
914,Leg Press (70-90 secs rest between sets)
915,Elevated Push Up
916,Cross Body Curl
917,"Skull Crushers/Pressdowns (choose 1, rotate weekly)"
918,Dumbbell Stiff Leg Deadlift - Muscle
919,Reverse Lunge
920,Underhand Lat Pulldown
921,Dumbell 1
922,Abdominal Air Bike (25 reps per leg)
923,Upright EZ Bar Row
924,Barbell Tricep Ext on Floor
925,Week 1
926,Straight Arm Lat Pulldowns
927,Dual Rope Overhead Extension
928,Standing Overhead Dumbbell Press
929,Glute Bridge or 
930,Chin
931,"Tricep Pushdown, (hands 8-10"" apart)"
932,Treadmill Warm Up
933,Squat
934,Weighted Twisting Sit Up
935,Crunches on a Flex Ball
936,Pull Ups or One Arm Dumbbell Rows
937,Barbell Hack Squat (90 secs rest between sets)
938,Rear-Foot Elevated Bulgarian Split Squats
939,Dumbbell Lateral Raise - Burn
940,(Weighted) Tricep Dips
941,Resistance Band Overhead Press
942,Medium-Grip Pull-Up or Dumbbell Row
943,Kettlebell Deficit Push Up
944,Forward Lunge
945,One Arm Cable Curl
946,Machine Pec Deck
947,Pummel Curls
948,Cable Crossover (super set with Push Ups)
949,Incline Barbell Bench Press - Warmup 70%
950,Machine Shoulder Press w/ Palms Facing Inward
951,Lat Pull Downs (Rest-Pause)
952,13
953,Feet Elevated Side Plank 
954,Lat Pull Downs
955,Bodyweight Chin Up
956,Hand Grips
957,Hammer Strength Unilateral High Row
958,One Arm Tricep Extension
959,Hip Adduction
960,Seated Leg Curls
961,Reverse Grip Tricep Cable Pushdown
962,Knee Bring
963,Side Crunches on Roman Chair
964,One Arm Standing Kettlebell Press
965,Shoulder
966,Stiff Leg Dumbbell Deadlift
967,Dave Draper Forehead Curl
968,"Standing Tricep Pushdown (Rope, V-bar, or Straight Bar)"
969,Single Leg Side Leg Press***
970,Glute Ham
971,Inverted row/side lunge
972,5A: Bicycle Crunches
973,B2: Flat Bench Barbell Press
974,Deadlifts
975,Dumbbell Single Arm Row
976,Forearm or Grip Work
977,Incline Barbell Bench Press
978,Vertical Jumps
979,Neutral Grip Chin Up
980,5A: TRX Pikes
981,Chin Up bar Hang
982,Tate Press
983,Stationary Lunges
984,Overhead Extensions
985,Triceps Dips
986,Vertical Leg Press
987,Reverse-grip chin-up/kettlebell swing
988,Full Range Crunches
989,Single Leg Curls - Each Leg **
990,Vacuums
991,Wide Grip Pull
992,Swiss Ball Circles
993,Tricep Bar Pushdown
994,Reverse-grip pull-up
995,Wide Grip Bicep Curl
996,Seated Curls
997,Close Grip Bench Press or Paused Bench Press
998,Incline Dumbbell Curls
999,Diamond Push Up
1000,Wide Grip Pull-Downs
1001,Straight Bar Tricep Extension
1002,Sumo Deadlifts
1003,Outer Leg Machine
1004,Banded Nordic Hamstring Curl
1005,Chin Up (Add weight if you can do 15+ reps)
1006,Bodyweight row
1007,Wall Sits
1008,Oblique Push Up
1009,500 m Intervals 
1010,Cable Cross
1011,Dips 
1012,Close Grip 3 Board Press
1013,50 Yards
1014,Wide Grip Upright Row
1015,10 Secs
1016,Bodyweight Deadlifts
1017,Dumbbell Single Leg Squat on Box 
1018,Overhead Rope Triceps Extension
1019,Bodyweight Bulgarian Split Squat
1020,Bicep Curl (1 Sec Hold)
1021,Barbell Reverse Curl
1022,Machine Hamstring Curls
1023,Yates Row - Week 2 (Any rep range can be used)
1024,Trap Bar 
1025,Dumbbell Stiff Legged Deadlift
1026,Machine Pull Up
1027,Glute Focused Hyperextension
1028,Kettlebell Halo
1029,Banded Tricep Extension
1030,Single Arm Cable Kickback
1031,Box Jump or Jump Squat
1032,Wide Grip Pull Down
1033,Half Kneeling Vertical Pallof Press
1034,Seated Cable Row - Burn
1035,Standing Hammer Curl
1036,Squat - Muscle
1037,Leg Kickbacks
1038,Tall Kneeling Cable Lift 
1039,Superset: Pike press and jumping jacks
1040,Wide Grip Barbell Bent-Over Row
1041,1 Arm Hammer Strength Low Row
1042,Dumbbell Iso
1043,Weighted leg raise
1044,One Legged Leg Press
1045,Band Push Ups
1046,Frog Crunches
1047,Close Grip Pull Down 
1048,Kettlebell Double Swings (10-15 reps/set) **
1049,Push
1050,Plyo (hand clap) Push-Up
1051,Alternating Dumbbell Hammer Curls
1052,Barbell Rows
1053,Single Lying Leg Curl
1054,Stability Alternates From Knees
1055,3A: Rear-Foot Elevated Bulgarian Split Squats
1056,45 Degree Back Extension
1057,Band Curls
1058,or Back Squats 
1059,Reverse Grip Straight Bar Pushdown
1060,Planks
1061,Standing Barbell Tricep Extension
1062,Overhead Cable Tricep Extension
1063,Lying Band Extensions (Hold Stretch for 4 Seconds)
1064,DB Side Lateral Raises
1065,Iron Cross
1066,Dead Bug
1067,Alternating Plyo Push Up w
1068,"Wide Grip Lat Pulldown (or, Wide Grip Pullup)"
1069,Seated Arnold Press or Upright Rows
1070,Sumo Squats
1071,Kettlebell Squat
1072,Parallel Bar or Bench Dips
1073,Slide Plank w
1074,Tricep Band Push Downs or Bench Tri
1075,Standing Dumbbell Shoulder Press
1076,Low Plank to Shoulder Tap
1077,Feet-Elevated Push Ups
1078,T Push Ups
1079,Front Squat
1080,Single Leg Extensions
1081,Incline Dumbbell Curl
1082,Abdominal Air Bike
1083,Pull Down
1084,Deadlifts @ 95%
1085,Rear Delt Flyes with Pause
1086,Decline Sit Ups
1087,Cable Crunch - Burn
1088,Pikes (Feet On Swiss Ball)
1089,Incline Barbell Bench Press - Warmup 85%
1090,Lateral Body Saw
1091,Deficit Deadlift
1092,Calf Raises 
1093,Weighted Sit Ups or Side Bends (Alternate)
1094,Hammer Machine Incline Press
1095,Standing Overhead Press
1096,One Arm Dumbbell Tricep Extension
1097,Weighted Back Hyperextension Hold
1098,Running in Place
1099,Cable Wood Chop
1100,Ab Crunch
1101,Reverse Lunge From Deficit
1102,Wide Grip Pulldown
1103,Weighted Chin
1104,Standing Kettlebell Press
1105,Seated Row
1106,Neutral Grip Dumbbell Press
1107,Standing Cable Crossovers
1108,Neutral Grip Incline Bench Row
1109,Dragon Flag
1110,Machine Shoulder Press
1111,Narrow Grip Pull Up
1112,Dumbbell Tricep Extension
1113,Med Ball Leg Raise
1114,9
1115,Pushup (2 Sec Hold)
1116,Cable Wood Choppers
1117,Superset - Bent Over Rear Laterals
1118,Speed Squats (50-60% of your Max)
1119,Hanging Knee Ups
1120,Box Squats
1121,Heavy Quad Set
1122,Triceps Extensions Behind Head
1123,Water Rowing Machine
1124,Arm Circles (Clockwise)
1125,Dips (Using bodyweight)
1126,Half Kneeling Dumbbell Alternating Overhead Press 
1127,Kettlebell Step Up
1128,Skullcrusher and Press Combination - Warmup 80%
1129,Leg curl
1130,Deadlifts (Ramped)
1131,Narrow Grip Low Pulley Cable Row
1132,Calf Press 
1133,Side Plank + Hip Dips
1134,Decline Tight Dumbbell Press
1135,Dumbbell Flyes
1136,Leg Curl (Seated or Lying)
1137,Standing Dumbbell Curls
1138,Machine Preacher Curl
1139,Standing Curl
1140,Half Kneeling Cable Chop
1141,Lunge Jumps
1142,Dumbbell Rear Foot Elevated Split Squat 
1143,Standing Barbell Military Press
1144,Flat bench dumbbell or barbell press
1145,DB Overhead Extension
1146,Donkey Calf Raise
1147,Bench Press - Start with 90% and add 5lbs to each set
1148,3
1149,Deadlift - Working Set
1150,Triceps Pressdown
1151,Neutral grip pull-up
1152,Close Grip Push Up (1 Sec Hold)
1153,Tricep Pressdown
1154,Assisted Dips
1155,Rear Delt Cable Crossover
1156,Cambered Bar Pressdown
1157,Lunges
1158,Superset: Standing Calf Raise and Seated Calf Raise 3×10 (Rest 30-45 seconds between moves and 60-75 seconds between rounds)
1159,Seated Dumbbell Lateral Raise (standing shown)
1160,Walking Barbell Lunge
1161,1
1162,Backward Lunges On The Smith Machine
1163,Single Arm Dumbbell Shrug
1164,Dumbbell Preacher Curl 
1165,Plank Taps
1166,A1: Incline Dumbbell Flys
1167,Right Leg Roundhouse
1168,Reverse Grip Cable Curl
1169,Overhead Kettlebell Extension
1170,Single Leg Calf Press
1171,Band Pulldown
1172,Bear Crawls
1173,Pullovers
1174,Standing Cable Reverse Fly
1175,Incline Elbows Out Dumbbell Curl
1176,One Arm Lat Pulldowns
1177,Seated Pulley Row
1178,Ground to Overhead with Plate
1179,Deadlifts @ 70%
1180,Kettlebell Sumo Squats
1181,Cable Crossovers (Drop Set)
1182,Barbell Back Squat (Use 20% less weight than your previous working sets)
1183,Timed Shuttle Run (at least 10 yards)
1184,Bulgarian Split Squat
1185,Dumbbell Lunge (each side)
1186,4B: Single Leg Calf Raises
1187,Seated Barbell Press
1188,Smith Bench Press with Bands
1189,Bench Press
1190,Leg Curl - Working Sets
1191,Weighted Dips
1192,BMI (Using Navy Calculation %)
1193,- Supermans (w/5lb plates)
1194,Reverse Curl
1195,Dumbbell Flat Press
1196,Machine Reverse Fly
1197,Alternating Hammer Curl
1198,Landmine Concentration Curl
1199,Dumbbell Shrugs (Work up to max set of 10 reps then 3x10 reps heavy as possible)
1200,Barbell Row (Ramped)
1201,Weighted Knee-Ins
1202,Dumbbell Lunge (superset)
1203,Standing Alternating Dumbbell Curl
1204,"Sit Up, Stand Up"
1205,Shoulder Tap Push Ups
1206,Quad Walk
1207,Plate Chop
1208,Power Barbell Shrugs (Explosive)
1209,Leg Press (Be creative) ******
1210,Superset - Machine Overhead Press
1211,Lateral Tuck Jump w
1212,Neutral Grip Bench Press
1213,Glute Cable Kickbacks
1214,BB Flat Bench Press (with 40x0 tempo)
1215,X Jumps
1216,Kettlebell Side Bend
1217,Cable Tricep Extensions
1218,Pushups 
1219,Dumbbell Squat
1220,Single Arm Incline Cable Side Lateral
1221,Leg Curls
1222,Explosive Bent-Over Dumbbell Row
1223,of 1RM 
1224,Wide Pikes
1225,Leg press/leg extension superset
1226,Cable Curls
1227,Landmine
1228,Sled Pull
1229,Left Leg Lunge
1230,Seated Toe Raise
1231,Chest Down Pause Row
1232,Rope Push-Downs
1233,Lying Cable Tricep Extension
1234,A2: Rear Delt Rope Pull
1235,Hammer Concentration Curls
1236,Lying Side Laterals
1237,4-Way Neck Machine
1238,Triangle Push
1239,Squats
1240,Bodyweight Squat
1241,Superset - Smith Machine Bench Press
1242,Reverse Cable Curls
1243,Incline Bench Press (Dumbbell or Barbell)
1244,Bodyweight Single Leg Deadlift
1245,(Weighted) Glute Bridge
1246,Right Leg Lunge
1247,Weighted Dips w/Chains
1248,Bent Overhead Cable V-Bar Extension
1249,Calf Raises
1250,Single Leg Calf Raises or Squat Calf Raises
1251,Dips or Pushups
1252,Machine Row - Warmup 80%
1253,Standing Chest Fly (2 Sec Hold)
1254,Dumbbell Tricep Kickbacks
1255,- Set 6 at 100%
1256,Weighted Jump Squats
1257,Incline Chest Machine Press 
1258,Optional Exercise 1
1259,Dumbbell Decline Bench Press
1260,Dumbbell Shrugs (Rest-Pause)
1261,Decline Hammer Machine Press
1262,Single Arm Kettlebell Deadlift
1263,Narrow Stance Leg Press
1264,Low Plank
1265,Good Morning
1266,Conventional Deadlift
1267,Wipers
1268,Pendlay Barbell Row
1269,Arnold Press
1270,Tighten the Core
1271,Superset - Barbell Curls
1272,Upper Body Sled
1273,Barbell Walking Lunge
1274,Single-Leg Press
1275,Plie Squat
1276,Single Arm Kettlebell Curl
1277,Bent Over Lateral Raise (Pyramid up in weight)
1278,Standing Underhand Cable Row
1279,Seated Cable Row - Warmup 80%
1280,Horizontal Leg Raise (floor)
1281,Seated Dumbbell Shrug
1282,Wide Stance Squats
1283,Ball Slams
1284,Speed Trap Bar or Barbell Rack Pull
1285,Curls 
1286,Wide Grip Bench Press
1287,"Supermans (on ground, no weight)"
1288,Dumbbell Step Up
1289,Push Up or Push Up w/ Elevated Feet
1290,Jabs
1291,Overhead Walking Lunge
1292,Lower Back Hyperextensions
1293,Wide-Grip Pull-Up Or Pulldown
1294,Sit
1295,Landmine T
1296,Barbell Snatch Grip Deadlift
1297,Finisher
1298,Power Clean
1299,Weighted Squat
1300,Barbell Romanian Deadlift
1301,Saws - Forward Only
1302,Swiss Ball Crunches
1303,Reverse Hyperextension
1304,Close Grip Pull Down
1305,Zottman Hand Curl
1306,Romanian Deadlift - Muscle
1307,Straight arm lat pull down (2-1-2 rep timing)
1308,Side Lateral
1309,Barbell Upright Row
1310,"Pec Dec (After last set, drop weight and immediately do a 4th set)"
1311,Donkey Calf Raises
1312,Lying Leg Curl Machine
1313,Close Grip Bench Press
1314,Set 10
1315,Pull Ups or Inverted Row
1316,Single Arm DB Row
1317,Bent Over Dumbbell Row
1318,Incline Bayles Extension
1319,Hammer Strength Row
1320,Bent-Over Dumbbell Row
1321,Squats (Drop set)
1322,Machine Adduction
1323,Diamond Push-Ups
1324,Floor Press @ 85%
1325,Tall Kneeling Suspension Roll
1326,1 Arm Dumbbell Row
1327,Dumbbell Side Laterals
1328,Floor Toe Reach
1329,Weighted Medium
1330,1a) Dumbbell Floor Press
1331,Hack Squat - Burn
1332,- Set 5 at 90%
1333,Pullup
1334,Seated Elbows Supported Tricep Extension Machine
1335,Chin Up Bar Hang
1336,Hammer Strength Machine Bench Press
1337,Tall Kneeling Medicine Ball Chest Pass
1338,Bench Press @ 80% (75% if paused)
1339,Wide Grip Pullups
1340,Barbell Back Squat
1341,Seated Leg Curl (Dagger)
1342,Smith Machine Shrugs
1343,Barbell Ab Rollout
1344,Zottman Curl (Pump)
1345,"Pushups (drop to knees, if needed)"
1346,Dumbbell Incline Side Raise
1347,Cable Tricep Extensions w/Rope (45 secs rest between sets)
1348,Sit Up
1349,High Knees
1350,Cross Leg Squat
1351,Aerobic Power (Battle rope work)
1352,Y-Raise
1353,Standing Banded Hip Abduction
1354,Half Kneeling Dumbbell Overhead Press
1355,Seated Calf Raises
1356,Single Arm Hammer Strength Press
1357,Overhead Lat Pull Down Curl
1358,Barbell Stiff Leg Deadlift
1359,Band Leg Curl
1360,Resistance Band Deadlift
1361,Barbell Row (5x5) or Dumbbell Row (3x6-10)
1362,Lateral Plank
1363,Seated row drop set
1364,Banded Row
1365,Seated Dumbbell Lateral Raises
1366,Hack Squat or Leg Press
1367,Medium-Width Grip Pull-ups
1368,Stiff-Leg Deadlift
1369,Side Lateral Dumbbell Raises
1370,Reverse Barbell Curl
1371,Overhead Press
1372,Lying Band Leg Curl
1373,Incline Bench Dumbbell Fly
1374,% Difference from Start BMI
1375,Iso Kick Backs
1376,Supported Rows on Incline Bench
1377,Decline Dumbbell Fly
1378,Landmine RDL
1379,EZ Bar Bicep Curls
1380,Close Grip Pull Downs
1381,Close Grip 3 Board Bench Press
1382,Straight Leg Toe Touch
1383,Squats - Warmup 70%
1384,Dumbbell Jump Squat
1385,Supine Barbell Triceps Press 
1386,Machine Standing Calf Raises
1387,Bodyweight Lunge
1388,Horizontal Leg Press Machine
1389,Dumbbell Shrug & Hold
1390,Front Split Squat 
1391,Weighted Sit Ups 
1392,Ring Lay Outs
1393,Standing Medicine Ball Chest Pass
1394,Extended Plank Dumbbell Row 
1395,Superset - Stiff Leg Deadlift
1396,Bodyweight Squat Jumps
1397,Superset: Feet-elevated inverted row and burpees
1398,Close Grip T Bar Row
1399,Barbell Curls 
1400,Barbell or Dumbbell Thrusters
1401,Wide Grip Lat Pulldown
1402,Hamstring Curl
1403,Superset - Cable Crossovers
1404,Cross-Hook Combo
1405,Rack Pull
1406,Superset - Back Extension
1407,Kettlebell Sumo Deadlift
1408,Single Arm Cable Bent Rear Delt Fly
1409,Band Pushdown
1410,Bent Leg Raises
1411,Butterflys
1412,High Bar Back Squat
1413,Front Rack Kettlebell Reverse Lunge
1414,Standing Barbell Calf Raise
1415,1-arm Rows (Dumbbell or Barbell)
1416,Standing Barbell Calf Raises
1417,Lateral Squat Jumps
1418,Flat Bench Dumbbell Fly
1419,Push Press
1420,Hyper Extension 
1421,One Arm Kettlebell Floor Press
1422,Superset - Hammer Curls
1423,Seated Incline Dumbbell Side Lateral
1424,Dumbbell Skull Crushers
1425,Weighted Rear Foot Elevated Bulgarian Split Squats
1426,Heavy Dumbbell Shrug
1427,Banded Lateral Raise
1428,Tall Kneeling Neutral Grip Dumbbell Front Raise 
1429,Seated Dumbbell Press - Warmup 70%
1430,Reverse Dumbbell Fly
1431,Steam Engine Twists
1432,Incline Barbell Bench Press *
1433,Superset: Heels Elevated Barbell Squat and Glute Ham Raise (Rest 60-75 seconds between moves and 75-90 seconds between rounds)
1434,Upright Row - Muscle
1435,Cable Tricep Extension
1436,Dumbbell 3 Second Eccentric Front Squat
1437,Strict Barbell Curl
1438,Stability Alternates
1439,10 Yards
1440,Frog Jumps
1441,Close Grip Resistance Band Pull Down
1442,Chin Up or Resistance Band Pulldown
1443,Lateral Power Skips 
1444,Band or Cable Curls
1445,Bent
1446,Inverted row
1447,Glute Kick Backs
1448,Full Situp
1449,Front Rack Kettlebell Squats
1450,Tall Kneeling X Pull
1451,Exercise Ball Crunch
1452,Med Ball Wall Slam
1453,Single Leg Split Squat
1454,Bent Over Reverse Dumbbell Fly
1455,Reverse Barbell Lunges
1456,Belt Squat
1457,Superset: Box jumps and sled drag – push/pull or sprint intervals
1458,Kneeling Concentration Curls
1459,Standing on One Foot Hammer Curls
1460,Squats @ 90%
1461,Dumbbell Stiff Leg Deadlift
1462,Alternating Band Curls (Hold Contractions for 4 Seconds)
1463,Walkouts (From Knees)
1464,Seated Leg Curl (Rest-Pause)
1465,Decline Dumbbell Press
1466,Farmers Walks
1467,Smith Machine Upright Row
1468,JM Press
1469,Underhand Grip Seated Cable Row
1470,Bench Shrug ***
1471,Superset - Dumbbell Side Lateral
1472,Walkouts 
1473,Skullcrushers or Seated Two Arm Dumbbell Extensions
1474,Wide Grip Lat Pull Down
1475,Fireman Butt Kicks
1476,Jump Squats
1477,Feet Elevated Push Up
1478,Dumbbell Reverse Fly Drop Set
1479,Bicycles
1480,Rocking Ankle Mobilization 
1481,Front lat pulldown
1482,Dips or Push Ups
1483,Plank Left Arm Raised
1484,Single Arm Face Pull
1485,Hammer Strength Incline Bench Press
1486,Plank with Overhead Cable Row
1487,Prowler Push
1488,Incline EZ Bar Skullcrusher
1489,Neutral Grip Dumbbell Front Raise 
1490,Close-Grip Bench Press
1491,Zottman Curl
1492,Ab Wheels or Barbell Rollout
1493,Dumbbell or Machine Lateral Raise
1494,Rope Press Down
1495,Reverse Lunges
1496,Lying Single Leg Band Curl
1497,Suitcase Carry
1498,Bodyweight Single-Leg Deadlift
1499,(Weighted) Chin-ups
1500,Angled Handled Cable Curl
1501,Bent Row
1502,30 Yards
1503,Seated calf raise
1504,Push Ups to Punches
1505,Fast-Paced Walk
1506,Inclined lying leg curl
1507,Weighted Pushup
1508,"Kettlebell Clean, Squat and Press"
1509,Machine Tricep Dips
1510,Overhead Cambered Bar Extensions
1511,Tricep Rope Pushdown
1512,Rear Delts On Pec Dec
1513,Moving Side Plank
1514,Dumbbell Row or Close-Grip Pull-Up
1515,Full-Range Squat
1516,Swiss Ball Plank
1517,Stability Alternates (knees or Swiss Ball)
1518,110% of 1RM
1519,Lying Leg Raise
1520,Alternate Dumbbell Curl
1521,Decline Bench Leg Raise
1522,Back or Front Squat
1523,Dumbbell Bent Over Side Raise
1524,Lactate Power Intervals (Rowing Machine or other intense cardio)
1525,Cable Crossovers
1526,Deadlifts @ 85%
1527,Landmine Lateral Raise
1528,"Kroc Row (2 warm up sets, then 1x20 as heavy on these as possible without straps)"
1529,Knee Ups
1530,Two Arm Cable Tricep Kickback
1531,Superset - Incline Dumbbell Bench Press
1532,2 to 3 Shoulder Exercises of Choice
1533,Lunge Twist
1534,Back Extensions
1535,Shoulder Tap Push Up
1536,Box Jump
1537,Incline Barbell Bench Press - Working Sets
1538,Rear Bodyweight Lunge
1539,Barbell Overhead Shrug
1540,Hammer Strength Bench Press - Muscle
1541,Narrow-Grip Lat Pulldown
1542,Dumbbell Pullover
1543,"Tricep Dips (Weighted, if possible)"
1544,Superset: Dumbbell Bench Press & Two Arm Dumbbell Row
1545,Incline Skullcrusher
1546,Alternating Standing Lateral Raise
1547,Leg Press - Warmup 70%
1548,(Weighted) Pull Ups
1549,Superset - Squats
1550,Weighted Sit Up
1551,Barbell Ab Roll Out
1552,Machine Side Lateral Raises
1553,Seated Alternating Dumbbell Curls
1554,Decline Dumbbell Situps
1555,Tricep Dips
1556,Seated Behind the Neck Press
1557,Toes to Bar or Hanging Knee Raises
1558,Dumbbell Lying Leg Curl (on the floor)
1559,Strict Pull Ups
1560,Dip
1561,Alternating Kettlebell Box Step Ups
1562,One Leg Dumbbell Calf Raise
1563,Sissy Squat
1564,Seated Machine Lateral Raise
1565,Shoulder Wide Grip Barbell Front Raise
1566,Flat Dumbbell Bench Press
1567,Squat Jumps
1568,Wide Grip Pulldowns To Rear
1569,Alternating Dumbbell Curls
1570,Weighted Chin Up
1571,Side Plank w
1572,Cable Tricep Extensions - Working Sets
1573,Dumbbell RDLs
1574,Pec Dec - Working Sets
1575,Standing hammer curls
1576,Push Jerk
1577,Left Leg Roundhouse
1578,Kettlebell Angled Press
1579,Standing V Bar Row to Chest
1580,Skullcursher
1581,Superset - Seated Reverse Dumbbell Wrist Curl
1582,Lateral Lunge
1583,Incline bench dumbbell press
1584,Standing Side Bend
1585,Band Lateral Raise
1586,Incline Curl/Dumbbell Kickback
1587,Oblique Crunch
1588,Superset - Bench Press
1589,Oblique Crunches (each side)
1590,Half Kneeling Cable Face Pull
1591,Bent Over Rear Lateral Raise
1592,Single-Arm Kettlebell Row
1593,Superset - Machine Row
1594,Fat Percentage Burned
1595,Superset - Two Arm Dumbbell Preacher Curls
1596,Burpees (without jump)
1597,Seated Rows
1598,Superset - Hack Squats
1599,Plyometric Squat
1600,Windshield wiper/plank
1601,Tall Kneeling Dumbbell Alternating Overhead Press 
1602,Assisted Pull Up
1603,Stiff Leg Deadlift - Working Sets
1604,Rope Crunches
1605,14
1606,Stairmaster or Stairstepper
1607,Bodyweight Skullcrushers
1608,Banded Hip Abduction
1609,Crunch Machine
1610,"- Supermans (on ground, no weight)"
1611,Neutral-Grip Pulldowns
1612,Wrist Curl
1613,Incline bench dumbbell press or incline Hammer Strength press
1614,Wide Stance Leg Press
1615,Kettlebell Snatch
1616,Tricep Cable Overhead Extension
1617,Seated Dumbbell Shoulder Press
1618,Kneeling Dumbbell Military Press
1619,Core:
1620,Cable or Machine Rows
1621,Dumbbell Rear Lunge
1622,Underhand Grip Bent Row
1623,Partial Deadlift
1624,Pause Bench Press @ 75-80%
1625,Alternated Machine Shoulder Press
1626,Rack Pull Deadlift
1627,Band Pull-Apart
1628,Hyper-Extension
1629,Pull Up (Add weight if you can do 15+ reps)
1630,1/2 Mile Run
1631,Power Snatch or Single Arm Dumbbell Snatch
1632,Alternating Hammer Grip Front Dumbbell Raise
1633,Band Pushup
1634,Seated Dumbbell Curl (alternate arms)
1635,Feet Elevated Diamond Push-Ups
1636,Plank With Feet On Bench
1637,Set 2
1638,Lat Pull Down To Chest
1639,Flat Barbell Bench Press (Use 20% less weight than your previous working sets)
1640,Incline Dumbbell Flys
1641,Pistol Squat
1642,Parallel dip/mountain climber
1643,V Bar Tricep Pushdown
1644,Banded Hammer Curl
1645,Assisted Pull Ups
1646,Standing Barbell Curls
1647,Pendlay Row (Warm-up)
1648,Seated Dumbbell Arnold Press
1649,Pike Layouts 
1650,5 Second Isometric Bicep Contractions
1651,Incline Dumbbell Bench
1652,External & internal cable rotation AND standing DB rotation
1653,9%
1654,Tall Kneeling Medicine Ball Side Pass
1655,Kettlebell High Pull
1656,Reverse Grip Pull-Downs
1657,Two
1658,Front Squat Work Sets
1659,Bicycle crunch/hanging leg raise
1660,Medium Grip Pull Up
1661,Overhead Cable Extensions
1662,Bench Press - Power
1663,Walk
1664,Handstand Push Up Against Wall
1665,Wide-grip pull-up/plyo push-up
1666,Barbell Snatch Grip Upright Row
1667,Rope T
1668,Heavy Conventional Stance Deadlifts - Week 1
1669,Leg Extensions 
1670,Parallel Squats - Week 1
1671,Cable crunch
1672,Straight Arm Rope Pull Down
1673,Ring Inn & Outs
1674,Underhand Grip Pull Down
1675,Front Rack Kettlebell Walking Lunge
1676,Bent Over Two Arm Dumbbell Row
1677,Russian Twist
1678,Seated Dumbbell Extension
1679,Wide Unilateral Lat Pull
1680,Dumbbell Pec Fly
1681,Bench Press @ 80-85%
1682,Superset: Banded flat bench fly or push-up and inverted row
1683,1 Mile Run
1684,Seated Machine Press
1685,Seated Overhead Press
1686,Reverse Grip Barbell Row
1687,Dumbbell Press/Barbell Front Raise superset
1688,Slight Incline Neutral Grip Dumbbell Press
1689,Reverse Machine Fly
1690,Low Back Extension (drop sets)
1691,Bodyweight Hyperextensions
1692,One Arm Seated Dumbbell Extension (Pump)
1693,Leg Press Calf Raise
1694,Tricep Push Up
1695,Single Arm Overhead Extension
1696,Smith Machine Incline Bench Press
1697,Plate Arches
1698,Modified Hamstring Raise
1699,85% of 1RM
1700,Dumbbell Incline Row
1701,Reverse Grip Low Cable Curl
1702,Standing Calf Raise Machine
1703,Goodmorning
1704,Barbell Reverse Curls
1705,Banded Glute Bridges
1706,Incline Bench Press 
1707,Romanian Deadlift
1708,Band Fly
1709,Static Crunch
1710,Drop 15%
1711,Plank Left Foot Raises
1712,Tri set: Assisted pull ups/lat pull down/seated row
1713,Core Work
1714,Optional Exercise 2
1715,RFESS 
1716,Underhand Seated Cable Row
1717,Thai Crucifix
1718,Dumbbell Overhead Press
1719,Stair Jumps
1720,Barbell Hip Press
1721,Chest Dips (weighted if possible)
1722,Good Mornings
1723,Side Medicine Ball Throw
1724,Hammer Curl with Lunges
1725,Low Back Extension
1726,Strict Overhead Press
1727,Reverse Crunch
1728,Step Ups
1729,Superset: Parallel bar dip and inverted row
1730,Lying Leg Curl (Rest-Pause)
1731,Shrugs
1732,Single Leg Reverse Hyper 
1733,Leg Extensions - Warmup 80%
1734,Safety Bar or Front Squat
1735,Superset: Flat bench dumbbell press with two-arm dumbbell row
1736,21’s w/ straight bar
1737,Bent Over Concentration Curls
1738,V-Ups
1739,BB Anterior Loaded Bulgarian Split Squat
1740,Seated Face Pulls
1741,Dumbbell Shrug (1 second pause at top)
1742,Narrow Grip Push Ups
1743,Chest Supported Rows
1744,Jump Squat or Box Jump
1745,Incline One
1746,Hand Chest Press and Row
1747,Rope Hammer Cable Curl
1748,Leg Press Calf Raise - Burn
1749,Rear Delt Fly
1750,Incline DB Press
1751,Lying Tricep Extension
1752,Activation Rows
1753,Bicycle Crunches
1754,DB Incline Fly
1755,Bent over isolation dumbbell curls
1756,Reverse EZ Bar Curls
1757,Dumbbell Flyes or Pec Dec
1758,Superset: 3-way push-up and chest-to-bar pull-up
1759,High to Low Machine Row
1760,"Giant set: Box or squat jump, bench step-up, one-leg calf raise and walking lunge"
1761,Suitcase Carries
1762,Medicine Ball Plank (from knees)
1763,Palov Press - Press Straight Out
1764,Side Lying Clams
1765,Tricep Kickback
1766,Broad Jumps
1767,Med Ball Sit Up
1768,Sled Drag
1769,One Arm Reverse Fly
1770,Lying Tricep Extension (skullcrusher)
1771,Half Kneeling Medicine Ball Chest Pass
1772,Superset: Push-up and pull-up
1773,Superset - Pull Ups
1774,Band Front Raise
1775,Incline Bench Press Work Sets
1776,Lying Floor Leg Raise
1777,Wide Smith Machine Squat
1778,High Rep Squats
1779,Stiff Leg Deadlift - Power
1780,Incline Bench
1781,Dumbbell Flat Bench Chest Flys
1782,Banded Glute Bridge
1783,Dumbbell Skullcrushers or Tricep Extensions
1784,Push Up with Feet Elevated or Feet on Wall Push Up
1785,Rope Cable Hammer Curl
1786,Superset: Step-up and single leg calf raise
1787,Close Stance Squats
1788,Dumbbell Lat Raises
1789,"Walking Lunge (You can hold dumbbells, use chains around your neck or carry a barbell on your shoulders in the standard back squat position)"
1790,Close-Grip Barbell Bench Press
1791,Seated Barbell Curl
1792,Heavy Cheat Curl Negatives
1793,Fire Hydrant
1794,1 Arm Row
1795,Alternating Plyo Lunge
1796,Bicep Hammer Curls
1797,Treadmill Sprint
1798,Superset - Seated Cable Rows
1799,Donkey Kicks
1800,Mountain Climbers
1801,Banded Face Pull
1802,Side Lateral Raise
1803,Neutral Grip Dumbbell Biceps Curl
1804,Dumbbell High Pull (Seated)
1805,Bodyweight Leg Curl
1806,Leg Extension ***
1807,Overhead Band Tricep Extension
1808,Stability Ball Crunch
1809,Superset - Dumbbell Flye
1810,Rope Tricep Pressdown
1811,Cable Crossover or Pec Dec
1812,Set 3
1813,Superset: Box jump and reverse lunge
1814,Parallel Bar Dip
1815,One Arm Kettlebell Swing
1816,Tri-Set - Decline Bench Press
1817,Negative Chin-Ups
1818,Straight Arm Pull Down
1819,Two-arm dumbbell row
1820,Low Incline Dumbbell Flys
1821,Smith Machine Shrug
1822,Set 5
1823,V-Bar Pull Downs
1824,3 Way Shoulder Raise
1825,Weighted Tricep Dip
1826,Lat Pull Down - Muscle
1827,Seated Dumbbell Press
1828,Reverse Grip Lat Pull Down
1829,Barbell Overhead Press
1830,Superset - Cable Curls
1831,Facing Away Lat Pulldown
1832,Kettlebell Z Press
1833,Partial Side Lateral Raise
1834,Two Arm Dumbbell Row
1835,Non-Stop Abs Training
1836,Ball Chest Flys
1837,Superset - Hanging Leg Raises
1838,1 Arm Cable Overhead Extension
1839,Bicep Curls
1840,Front Squat or Goblet Squat
1841,Rack Deadlift
1842,Stiff Leg Deadlifts
1843,Dips w
1844,Rear Delt Machine (Finish w/ drop set as 4th set)
1845,Incline Dumbbell Chest Press
1846,Incline Dumbbell Flye - Working Sets
1847,Skullcrushers (45 seconds rest between sets)
1848,Squat and Touch the Toes
1849,Standing Alternating Dumbbell Curls - Warmup 80%
1850,Barbell Shoulder Press
1851,Push-Up
1852,Leg Press Calf Press
1853,Back Squats or Front Squats
1854,Bent Over Dumbbell Side Raise
1855,Regular Pushups
1856,Weighted Triceps Dip
1857,Overhead Alternating Dumbbell Extensions
1858,Leg Curls **
1859,Single Leg Curl
1860,Incline Bench Dumbbell Press
1861,Clean and Jerk
1862,Bent Over Dumbbell Curls
1863,10
1864,Side to Side Pull Up
1865,Squat (Superset with Leg Curls)
1866,Superset - Rack Chin
1867,Front Squat or Safety Bar Squat
1868,Smith Machine Squat
1869,Sissy Squats
1870,Seated Bent Over Lateral Raise
1871,Flat Dumbbell Fly
1872,Machine Tricep Extension - 50 rep death set
1873,Standing Military Press
1874,Chest Supported Dumbbell Row
1875,Seated calf Raise
1876,Decline Weighted Crunches
1877,Superset: Incline dumbbell curl with overhead dumbbell triceps extension
1878,Superset:
1879,Mountain Climber
1880,Bench Press - Week 2
1881,Seated Cable Row - Working Sets
1882,Pushdowns
1883,Incline Skull Crushers
1884,3 Way Plank
1885,Pull-up
1886,Lat Bar Face Pull
1887,Close Grip Dumbbell Press
1888,Weighted Wide Grip Pull Ups
1889,Jog
1890,Plie Squats
1891,Half Waiter Walks 
1892,EZ bar preacher curls
1893,Paused Squats
1894,Glute Kick Back
1895,Standing Dumbbell Upright Row
1896,Barbell Biceps Curl
1897,Standing Dumbbell Lateral Raise
1898,Side to Side Squats
1899,Alternating Lunge Jumps
1900,Sumo Deadlift
1901,10 In Box Front Squat
1902,Resistance Band Chest Press
1903,8 Counts
1904,Single Arm Cable Curl
1905,Hip Thrust (Rest 90 seconds between sets)
1906,TRX curl/seated V-up
1907,Reverse Bear Crawls
1908,Shoulder Dislocates
1909,Single Arm Incline Dumbbell Chest Press 
1910,Tricep Overhead Extension
1911,Single Arm Shoulder Press
1912,Seated Dumbbell Extension (2 arm)
1913,Bench V
1914,Bicep Curl with Rear Resistance
1915,Tricep Pushdown
1916,Incline Smith Machine Bench Press
1917,Kettlebell Romanian Deadlift
1918,Machine T-Bar Row
1919,Oblique Twist
1920,Machine Chest Press - Superset #2
1921,Standing Calf Raises
1922,Dual Rope Tricep Extension
1923,Kneeling Shoulder Press
1924,Medicine Ball Oblique Toss
1925,Preacher Cable Curl - Burn
1926,Incline Dumbbell Tricep Extension
1927,Cable Pullover
1928,Rear Delt Fly Machine
1929,Reverse Hyper Extension 
1930,- Ring Push Ups (on Swiss Ball)
1931,Kettlebell Overhead Press
1932,Standing dumbbell curls
1933,Bicycle Crunch
1934,Half Sits
1935,Air Squat
1936,TRX Biceps Curls
1937,Dumbbell Calf Raise - Run The Rack
1938,Pinwheel Curls - Power
1939,1 Arm Band Pushdown
1940,Back Extensions - 45 Degrees
1941,Treadmill Jog
1942,Incline bench dumbbell press/box jump
1943,Military Press (AKA Overhead Press)
1944,Barbell Incline Press
1945,Superset - Barbell Shrugs
1946,Reverse Lateral Raise on Incline Bench
1947,Smith Machine Bicep Curl
1948,Decline Crunch
1949,Side Hover
1950,Dumbbell Kickbacks
1951,Kneeling Hamstrings
1952,Kneeling Rope Pressdown
1953,Superset - Walking Dumbbell Lunge
1954,3 Board Close Grip Bench Press
1955,ATG (Ass to Grass) Squats - Week 1
1956,Twisting Hanging Knee Raise
1957,Leg Extensions or Leg Press
1958,Straight Bar or Incline Curls
1959,Skullcrusher and Press Combination - Working Sets
1960,Lateral Step Up Jumps
1961,Front Raise/Upright Row Superset
1962,Neutral Grip Pullup
1963,Decline sit ups (weighted)
1964,Push Up with Resistance
1965,Alternating Standing Dumbbell Press
1966,Set 4
1967,Floor Crunches
1968,Standing Cable Chest Fly
1969,Kettlebell Renegade Row
1970,Seated Behind The Neck Press - Week 3
1971,Front Laterals
1972,Barbell Curl
1973,Close Grip EZ-Bar Curl
1974,Weight (lbs)
1975,Barbell Close Grip Upright Row
1976,Incline Machine Press
1977,Exercise Ball Leg Curl
1978,Reverse Grip Pull Downs
1979,Back Squats
1980,Plank to Squats
1981,Split Stance Cable Chop 
1982,High Knees with Kettlebell
1983,Dumbbell Rollback
1984,Stationary Lunge
1985,Barbell Deadlifts
1986,Superset - Military Press
1987,Barbell Romanian Deadlifts
1988,Barbell Roll
1989,Wheel Barrow Walks (feet on sliders)
1990,Seated Calf Raises - Warmup 80%
1991,Bent Over Rows
1992,Single Arm Palm In Seated Machine Press
1993,Cable Overhead Extension 
1994,Dumbbell Spider Curls (45 secs rest between sets)
1995,Machine Ab Crunch
1996,Superset - Seated Calf Raise
1997,Bent Over Single Arm Kettlebell Row
1998, 
1999,Machine Shrugs
2000,Smith Machine Wide Stance Squat
2001,- Ring Lay Outs
2002,Chin Ups (Palms towards face)
2003,"Triset: Lying leg raise, floor crunch and plank"
2004,Dumbbell Leg Curl
2005,Snatch Grip Deadlift
2006,Reverse Grip Cable Tricep Extension
2007,Lower Body Activation Flow
2008,Squat @ 95%
2009,One Arm Barbell Row
2010,Smith Machine Incline Press
2011,Deadlift - Power
2012,Burpee to Overhead Plate Raise
2013,Weighted Side Bend
2014,Barbell Hip Thrusts
2015,V-bar Cable Curls
2016,Bent Lateral Raise
2017,Ab Machine Crunch
2018,Diamond Push Ups
2019,Skull Crusher
2020,Flat bench dumbbell press
2021,Hack squats - Up to 7 plates per side
2022,Bike
2023,One Arm Overhead Extension
2024,Clapping Push Ups
2025,Knee Raise
2026,Superset - Reverse Hack Squats
2027,Reverse Hyperextension Hold
2028,Dumbbell Underhand Raises
2029,"Chest Dip (Weighted, if possible)"
2030,Incline Bench Press - Week 2
2031,Wide Grip Cable Upright Row
2032,Weighted Crunches*
2033,Dumbbell Tricep Extensions
2034,Deadlift 
2035,Speed Deadlifts
2036,Paused Deadlift
2037,Seated Press Behind The Neck
2038,(Weighted) Pull-ups
2039,1A: Feet Elevated Push-Ups w/ Bands
2040,Alternates 
2041,Superset - Plank
2042,1 ½ Landmine Squat
2043,Push Ups on Smith Machine Barbell
2044,Weighted Chest Dip
2045,Pec Dec
2046,Pull Up
2047,Low Cable Crossover
2048,Barbell Reverse Wrist Curl
2049,Incline Bench Press followed by pushups
2050,Low Cable Flys
2051,Shoulder Machine Press
2052,Hanging Knee Raise (Alternate sides)
2053,Triceps Pushdown
2054,Banded Rear Delt Fly
2055,Barbell Flat Press
2056,Weighted Suspension Supine Row
2057,Wide Grip Barbell Upright Row
2058,Dumbbell Preacher Curl
2059,Superset: Reverse Grip Chin-Up & Flat Bench Barbell Press
2060,Shrug (with hold)
2061,Single Arm Pull Down
2062,Floor Barbell Calf Raise
2063,Lunges 
2064,Feet Elevated Suspension Supine Row
2065,Smith Machine Narrow Stance Squat
2066,Barbell Front Squat or Leg Press
2067,Cable Pull Through
2068,Bicep Curl with Resistance
2069,Hip Abduction Machine
2070,Half Squat From Bottom Position
2071,Cable Crossover
2072,Foam Roll
2073,Incline Curl
2074,One Arm Reverse Grip Cable Tricep Extension
2075,Superman
2076,Bench Dips 
2077,Cable Bent Over Reverse Flye
2078,Bench
2079,Machine Chest Press (Rest-Pause)
2080,Smith Machine Incline Tricep Extension
2081,Tricep Pushdowns
2082,Drop 20%
2083,Side Plank 
2084,Band Pull-Aparts
2085,Cable Rows
2086,Two Arm Seated Dumbbell Extension
2087,Wrist Rotations
2088,Stability Ball Roll
2089,Bent Over Reverse Cable Flye *
2090,Hammer Strength Incline Press
2091,Diamond Pushup
2092,Butt Kicks (weighted)
2093,Stability Alternates (from feet)
2094,Medicine Ball Slams
2095,Straight bar curls
2096,Arm Circles (Counter Clockwise)
2097,Superset: Prisoner squat and forward static lunge
2098,Weighted Pull Up
2099,Barbell Lunge
2100,Peak Contraction Dumbbell Shrugs
2101,Deficit Deadlifts
2102,Assisted Chin Up
2103,Kettlebell Swing
2104,Smith Machine Military Press
2105,Walk outs
2106,Pull Ups or Inverted Rows (Rest-Pause)
2107,Bench Press (see instructions)
2108,Single Arm Cable Lateral Raise
2109,Bent-Over Barbell or Dumbbell Row
2110,Box Jumps (superset)
2111,Seated dumbbell curls
2112,Kettlebell Clean and Press
2113,- Serrano Press
2114,One Arm Rows
2115,Weighted Hyperextensions
2116,Wide Grip Bench Press *
2117,Dumbbell Rear Lateral Raise
2118,"EZ Bar, Lying Tricep Extension"
2119,Cable Glute Kickback
2120,Seated Machine Fly
2121,Behind Neck Lat Pulldown
2122,Barbell Rollout
2123,Exercise Ball Ab Crunch
2124,Plank 
2125,Twisting Decline Dumbbell Situps
2126,Machine Tricep Extensions
2127,Seated Barbell Wrist Curl
2128,Diamond (hands close) Push-ups
2129,Weighted Pullups
2130,Single Leg Calf Raise
2131,Side Plank
2132,Lat pull downs
2133,Pallof Press
2134,Cable Upright Row (Rest-Pause)
2135,Suitcase Walks 
2136,Wrist Curls
2137,Half Kneeling Cable Row 
2138,Dumbbell Chest Fly 
2139,Side Oblique Crunch (each side)
2140,"Combo #3:
Left Leg Roundhouse/Cross/Left Hook"
2141,Dumbbell Pullovers (On Swiss Ball) To Crunch
2142,Flat Barbell Bench Presses
2143,Kneeling Band Lat Pulldowns
2144,Cable Row
2145,Dumbbell Bench Press (on the floor)
2146,Parallel Squats - Week 2
2147,High Pulley Single Arm Bicep Curl
2148,Supermans (w/5lb plates)
2149,Bent over row
2150,Standing Push Press
2151,1b) Floor Dumbbell Flys
2152,Single Arm Overhead Tricep Extension
2153,Seated Overhead Press - Power
2154,Tall Kneeling Pallof Press
2155,Plank with Feet On Bench
2156,Jump Rope
2157,Superdogs
2158,1 Arm Cable Tricep Pulldown
2159,Seated Barbell Press Behind Neck
2160,Floor Dumbbell Press
2161,Bench Jack Knife
2162,Hanging Knee Raise
2163,Superset - Leg Press Calf Raise
2164,Dumbbell Chest Press
2165,Side Plank with Cable Row
2166,Crosses
2167,Bayles Extension
2168,EZ Bar Extension
2169,Isometric Cable Pushdowns *
2170,Straight bar curls w/ 5 second pause at midway point of last rep
2171,Close Grip Push Ups
2172,Pec Dec or Machine Bench Press - Burn
2173,Lying Triceps Extensions
2174,Machine Chest Press - Warmup 80%
2175,Dumbbell Arnold Press
2176,Barbell Conventional Deadlift (Use 20% less weight than your previous working sets)
2177,Incline Dumbbell Bench Press
2178,Side Planks
2179,Kettlebell Lateral Lunge
2180,Superset: Smith Machine Squat & Dumbbell Romanian Deadlift
2181,Flat Bench Barbell Bench Press
2182,Smith Machine Pull Ups
2183,Front Squat 
2184,Lunge Squat
2185,Single Leg Standing Leg Curl
2186,Tricep Bench Dip
2187,1A: Feet Elevated Push-Ups
2188,Power Barbell Shrugs - Burn
2189,Incline Dumbbell Bench Press - Superset #1
2190,Single Arm Barbell Row
2191,DB Walking Lunge
2192,Kettlebell Pullover
2193,Superset - Cable Crossover
2194,Seated Shoulder Press
2195,Walking Dumbbell Lunges
2196,Incline T-Bar Row
2197,Wheel Barrow Walks (on Swiss Ball)
2198,TRX Triceps Extensions
2199,Tuck Jumps
2200,Tall Kneeling Belly Press 
2201,"17:30
Pre Workout"
2202,Hack Squat
2203,Rope Hammer Curl
2204,Unique Exercise Finishers
2205,Sit-Up
2206,Straight Bar Tricep Pressdown
2207,Prone Leg Raise
2208,Incline Cable Flys
2209,Jumping Jacks
2210,Air Squats
2211,Bent Over Row
2212,Split Stance Cable Lift 
2213,Isometric Cable Curl Hold *
2214,Weighted Hammer
2215,Stiff Deadlift
2216,180 Degree Jump Turns
2217,Single Arm Dumbbell Overhead Press 
2218,1 Arm Cable Curl
2219,Calf Raise (Seated or Standing)
2220,Push Ups with Feet on Bench
2221,Tuck
2222,Dumbbell Shrug - Burn
2223,Bench Press (Ramped)
2224,Half Kneeling Belly Press
2225,Smith Machine Press - Warmup 80%
2226,Seated Dumbbell Curl
2227,Lying Barbell Tricep Extension
2228,Glute Ham Raises
2229,Sandbag Zercher Squat (About 5-6 rep sets)
2230,Seated leg curl
2231,Wide Unilateral Dumbbell Row
2232,Dumbbell Incline Bench
2233,Reverse Grip Pull Up
2234,Lying Incline Dumbbell Extension
2235,Half-Kneeling Cable Wood Chop
2236,Kettlebell Row
2237,Leg Press - Muscle
2238,Wide-grip upright row/Turkish get-up
2239,Adduction Machine
2240,Step Up Jumps
2241,Underhand Pull Apart
2242,Wide Jump Squats
2243,the power rack
2244,Seated Rear Delt Fly Machine
2245,Leg Swings 
2246,Standing barbell push press/burpee
2247,Lying Dumbbell Tricep Extensions
2248,Squats - Warmup 85%
2249,Standing Calf Raise 
2250,Straight Arm Pullovers
2251,Kneeling Medicine Ball Chest Pass
2252,Bench T
2253,Leg Extension
2254,HIIT Sprints
2255,20 Yards
2256,Bench Step Up
2257,DB Shrugs
2258,Split Stance Cable Face Pulls
2259,Dips (Add weight if needed)
2260,Box Jump (superset)
2261,Jumping Lunge
2262,Burpee
2263,Flat Dumbbell Press
2264,Close-Grip Barbell Curl
2265,Thai Plank
2266,Superset: Hip Thrust and Sissy Squat (Rest 60-75 seconds between moves and 75-90 seconds between rounds)
2267,Flat Bench Dumbbell Flys
2268,Bent Rows
2269,Superset: Bulgarian split squat and reverse lunge
2270,Seated Dumbbell Shrugs
2271,Dumbbell Rear Delt Fly
2272,Reverse Grip Pulldowns
2273,Ring Lay Outs*
2274,Leg Extension Drop Set ****
2275,Glute Hyperextension
2276,T
2277,Incline Dumbbell Fly
2278,Reach and Catch (25 reps per leg)
2279,- Medicine Ball Pushup
2280,Week 3
2281,Ab Crunches
2282,Toes To Bar
2283,Optional: 1 Traps Exercise
2284,Dumbbell Lateral Raise Drop Set
2285,Tricep Pulldown with Resistance
2286,High Low Plank
2287,Band Pallof Press
2288,Close Grip Incline Bench Press
2289,Weighted V
2290,Preacher Curl
2291,Chin-ups
2292,Single Arm Cable Crossover
2293,Ring Push Ups*
2294,Incline Press
2295,Wrist Roller Machine
2296,Volume Quad Set
2297,Ring Rows
2298,Cable Crunches
2299,Machine Shoulder Press 
2300,Machine Bicep Curls - Working Sets
2301,Single Arm Pressdown
2302,Deadlift - Ramped
2303,Chest Supported Row (Pyramid up in weight)
2304,Front Squats - Week 2
2305,Kettlebell Ab Pullover and Crunch
2306,Walking Lunges 
2307,Chin Ups
2308,Behind the Neck Shoulder Press
2309,Reverse Sled Drag
2310,Seated alternating dumbbell curls
2311,Triceps Press
2312,Standing Overhead Barbell Press
2313,Warm Up: Cardio Equipment or Outdoors
2314,"Close Grip Bench Press/Dips (choose 1, rotate weekly)"
2315,Leg extension
2316,Prisoner Squat (Hold at the Bottom)
2317,"Tri-set: Squat jump, static lunge and one-leg calf raise"
2318,Pull Ups or Inverted Rows
2319,Overhead Tricep Dumbbell Extension
2320,Landmine Romanian Deadlift
2321,Dumbbell Reverse Lunge
2322,Rope Triceps Extension
2323,Bench Press/Dumbbell Fly superset
2324,Wide Leg Sit Up
2325,Close Grip Bench Press 
2326,Band Pulls
2327,Leg Extensions
2328,Crunches
2329,Bulgarian Split Squats
2330,Incline Alternating Dumbbell Curl
2331,High Standing Cable Curl
2332,Standing Chest Fly
2333,High Kick
2334,Band Assisted Nordic Curls
2335,Standing Dumbbell Reverse Curl
2336,Seated Bench Knee Ups
2337,Hammer Concentration Curl
2338,Stiff-Leg Deadlifts 3
2339,Lying Back Extensions
2340,Front Raise (Long Pause at the Top)
2341,Back Squats (Ladder Set)
2342,Sprints
2343,Standing Alternate Bicep Curl
2344,Pull-Ups
2345,Speed Sumo Deadlift
2346,Prone Hamstring Curls
2347,Ab Wheel or Barbell Rollout
2348,Body Saw
2349,Rear Delt Machine Fly
2350,Lat Pull Down - Working Sets
2351,Incline Cable Fly
2352,Standing alternating dumbbell curls
2353,Rope Cable Triceps Press
2354,Lying leg curl
2355,Landmine Goblet Squat
2356,Seated Lateral Raise
2357,Alternating Lunge Pulses
2358,Deadbugs
2359,Seated Overhead Cable Tricep Extension
2360,TRX Leg Tucks
2361,Standing Cable Lateral Raises
2362,Wide Grip Pull Ups
2363,Low Plank Hold
2364,Walking Dumbbell Lunge
2365,Barbell Shrug or Dumbbell Shrug
2366,90/90 Hip Crossover
2367,Lateral Bounds
2368,Squats - Drop 5 Cycle
2369,Superset: Incline dumbbell press or banded chest press and wide grip pull-up
2370,Farmer's Carry
2371,Low Rack Pull
2372,Underhand Barbell Row
2373,Speed Barbell Press
2374,Bench Squat (Pause one second when sitting)
2375,Squats @ 80%
2376,Band Push Down
2377,Reverse Grip Dumbbell Press
2378,Deadlifts - Drop 5 Cycle
2379,Dumbbell Floor Fly
2380,"Incline Bench Press (15-25 degrees, pyramid up in weight)"
2381,Treadmill Walk
2382,Parallel Bar Dips (warm up set using cable tricep extensions)
2383,Flat Dumbbell Flys
2384,Barbell Preacher Curl
2385,Smith Machine Split Squat 
2386,Single Leg Dumbbell Deadlift
2387,5B: Lying Leg Raises
2388,Parallel Bar Dip Or Pressdown
2389,Seated Arnold Press  - Muscle
2390,Seated Hammer Curl
2391,Decline 2 Arm Dumbbell Extension
2392,Assisted pull ups / lat pull downs superset
2393,Face Pull
2394,Seated Low Pulley Overhead Tricep Extension
2395,Hands Up Push Ups
2396,Seated Arnold Press
2397,One Arm Overhead Dumbbell Extension
2398,Tri-Set - Dumbbell Pullover
2399,Sled Drags
2400,Prone Rows (Reverse grip to hit biceps if needed)
2401,Lunge Punch
2402,Pause Bench
2403,Behind The Neck Snatch-Grip Push Press
2404,Dip Machine
2405,Standing Dumbbell Calf Raise
2406,Plate Chops
2407,Rear Delt Lateral Raise
2408,Incline Dumbbell Curl (bench 30-40 degrees)
2409,Upward Dog
2410,Ab Wheel or Barbell Roll
2411,Standing Landmine Press
2412,Wide Grip Upright Barbell Row
2413,Extended Plank Front Arm Raise 
2414,Decline abdominal reach (weighted)
2415,Push Ups
2416,Barbell Shrug (Pyramid up in weight)
2417,Hack Squat or Dumbbell Lunges
2418,Incline Press or Military Press
2419,Tricep Cable Extension
2420,Standing Calf Raise (holding dumbbell)
2421,Box Squat
2422,Power Shrug
2423,Flyes
2424,Bent Over Reverse Flyes - Working Sets
2425,Standing Calf Raise
2426,Straight Bar Curls
2427,Pull Ups
2428,Cable Extensions with Rope
2429,Incline Overhead Dumbbell Extension
2430,Side Lying Dumbbell Reverse Fly 
2431,GHR
2432,Seated Lat Row
2433,Cable Rope Triceps Press
2434,Bent-Over Rear Lateral Raise
2435,Machine Rows
2436,Cable Fly
2437,Dumbbell Lateral Raises (Finish w/ drop set as 4th set)
2438,Pull Up or Lat Pull Down
2439,Hanging Knee Raises (Knees to Elbows)
2440,Leg Extension (Pyramid up in weight)
2441,- Set 3 at 70%
2442,Under
2443,Front Raise
2444,Dumbbell Skullcrusher
2445,Smith Machine Behind the Neck Press
2446,Barbell Static Hold
2447,Close Stance Goodmorning
2448,"Shrugs (Dumbbell, Barbell, or Trap Bar)"
2449,Narrow Grip T
2450,Jump Split Squats
2451,Dumbbell Incline Press
2452,Standing Belly Press 
2453,Pike Push Up
2454,Decline Dumbbell Sit Up
2455,Windshield Wipers
2456,Incline Bench Press (Warm-up)
2457,A2: Incline Dumbbell Bench Press
2458,Band Bent-Over Row
2459,Bench Squat (4 second pause while sitting) *******
2460,One Arm Preacher Curl Machine
2461,Bicep Curl with Squat
2462,Dumbbell Press
2463,Seated Hamstring Curl
2464,Barbell Squats
2465,Lying Leg Curl
2466,Alternating single arm preacher curls
2467,Hack Squat or Dumbbell Lunge
2468,Dumbbell Row - Muscle
2469,Seated Dumbbell Press - Week 1
2470,Crunch w/ Feet Elevated
2471,Eccentric Only Pull Up
2472,Dumbbell Incline Serrano Press
2473,Rope Upright Rows
2474,Curtsy Lunge
2475,Rack Pull - Above the Knee
2476,Leg Press (Rest-Pause)
2477,Dumbbell Flye or Pec Dec (Rest-Pause)
2478,Alternating Forward DB Lunge
2479,Sit-up/hanging knee-up
2480,Advanced Hover (see instructions)
2481,Renegade Row
2482,Wide Grips Pulldowns
2483,Cable Preacher Curl - Burn
2484,Incline Dumbbell Iso
2485,Standing High Pulley Curl
2486,Partial deadlift
2487,Deadlifts @70% or Deadlift variation
2488,Seated Pullover Machine
2489,Shotgun Row
2490,Dumbbell Flye
2491,Dumbbell Hanging Knee Raise
2492,Barbell Shrugs
2493,B1: TRX Curls
2494,Squats: 5x3 using the same weight as Monday
2495,Dumbbell Side Bench
2496,Incline Smith Press
2497,Concentration Curl
2498,Underhand Slant Rows
2499,Hammer Strength Chest Machine
2500,Dumbbell Side Bends
2501,Single-Arm Kettlebell Snatch
2502,Pavlov Press - Press Straight Out
2503,Speed Skater
2504,Single Arm Reverse Cable Flye
2505,Deep Push ups (with hands on dumbbells)
2506,Seated Dumbbell Front Raise
2507,Military Press*
2508,Split Squat Jump
2509,Weighted Decline Crunch
2510,One Arm Kettlebell Row
2511,Two Arm Overhead Extension
2512,Hammer Strength Shrug
2513,Floor Press @ 80%
2514,Chinese Pushups
2515,Lying Triceps Extension
2516,High Band Biceps Pose Curl (Hold Stretch for 4 Seconds)
2517,Pikes
2518,Incline 2 Arm Overhead Dumbbell Extension
2519,Weighted Jumps
2520,"Light, controlled, SLOW upright rows with a cambered bar"
2521,Dumbbell Bench Press - Week 1
2522,Cable Chest Fly
2523,Dumbbell Step
2524,Stability Ball Leg Curl
2525,Single Arm Preacher Curl
2526,Standing Military Press - Week 2
2527,Reverse Hack Squat
2528,Barbell Hip Thrust
2529,Rack Triceps Press or Parallel Bar Dips
2530,Machine Press
2531,Preacher Dumbbell Curls
2532,Iso
2533,Spider Curls
2534,Seated Neutral Grip Band Rows
2535,Close Grip Chin Up
2536,Superset: Alternating dumbbell press and wide banded upright row
2537,Glute Flexor
2538,Assisted Chin Up 
2539,Barbell RDL
2540,Wide Grip Pull Up or Lat Pull Down
2541,Standing inside the body alternating isolation hammer curls
2542,Ab Wheel Roll Outs or Weighted Sit Ups
2543,Alternating Toe Touch
2544,Seated Bent Over Rear Dumbbell Lateral
2545,Flat Bench Press
2546,Squats + 5lbs over Monday
2547,Side Lateral Raise Superset with Bent Over Reverse Flye
2548,Dumbbell Sumo Deadlift
2549,Chest Dips or DB Bench Press or Incline Bench Press
2550,Superset - Leg Extensions
2551,Two Hand Snatch - Week 1
2552,Dumbbell Bench Press or Incline Dumbbell Bench Press
2553,Standing Band Reverse Fly
2554,High Cable Rope Pulls
2555,Lying Wide Grip Cable Curl/Lying Close Grip Cable Curl/Lying Reverse Grip Cable Curl
2556,Paused Bench Press
2557,Tricep Dip
2558,Hyperextensions
2559,Machine Fly
2560,Farmers Walk
2561,1 to 2 Tricep Exercises of Choice
2562,Plank or Ab Wheel Rollout
2563,Heels Elevated Barbell Squat (Rest 90 between sets)
2564,Seated Smith Machine Press
2565,Straight Bar Push-Downs
2566,(Weighted) Dips
2567,Flat DB Press
2568,Waiter Carries
2569,Walking Lunge +
2570,Hammer Row 
2571,Decline Dumbbell Tight Press
2572,Dumbbell Flys - Burn
2573,A2: Low Incline Dumbbell Flys
2574,Superset - Leg Curls
2575,Rope Crunch
2576,Cable crossover or Machine Flys
2577,Plank with Overhead Cable Row 
2578,Seated French Press - Muscle
2579,Plank Positions
2580,Fast Feet
2581,Standing Weighted Calf Raise
2582,Seated Calf Raises - Working Sets
2583,One Arm Cable Lateral Raise
2584,Tricep Press Downs
2585,1 Leg Leg Press
2586,Barbell Shrug
2587,Eccentric Only Dips
2588,Dumbbell Pullovers
2589,Superset - Stiff Arm Lat Pull Down
2590,Chin-ups (any grip)
2591,Preacher Curls
2592,Squat - Power
2593,Scissor Kicks
2594,Forearm Wrist Curls
2595,Superset - Dumbbell Stiff Leg Deadlift
2596,Jog*
2597,Chin Extension
2598,Dumbbell reverse lunge
2599,Weighted Hyperextension
2600,Face Pulls
2601,Shoulder or Wide Grip Pull Up
2602,Tall Kneeling Vertical Pallof Press
2603,Paused Front Squat
2604,Bent over barbell row
2605,Neutral Grip Dumbbell Bench Press
2606,Dumbbell Bent Over Row
2607,Machine/Hammer Strength Chest Press
2608,Cable Tricep Extension - Burn
2609,Reverse Lunge with Front Kick
2610,Dumbbell Lateral Raise to Front Raise
2611,1 Leg Elevated Calf Raise
2612,Sandbag Shouldering/Asymmetrical Squat
2613,Stir The Pot
2614,Front Box Squat
2615,Bentover Rows
2616,Incline Dumbbell Flye - Superset #1
2617,Stretch Push Up on Risers
2618,Barbell Front Raises
2619,Bent Over Dumbbell Rear Laterals
2620,Single Arm Lateral Raise
2621,EZ Curl Bar Pullover
2622,Standing Overhead Press (Use 20% less weight than your previous working sets)
2623,Push Ups Between Kettlebell Handles ***
2624,Bodyweight Calf Raises
2625,Overhead Dumbbell Extension
2626,Seated Dumbbell Power Cleans (Pyramid up in weight)
2627,Kettlebell Side Raise
2628,Rack Pulls
2629,Bent-over two-arm row/reverse lunge
2630,"Lateral Raise (Left, Right, Both)"
2631,Single Leg Glute Bridge 
2632,1 Leg Hurdle Hops
2633,Tricep Kickbacks
2634,Dumbbell Hamstring Curl
2635,Medicine Ball Chest Pass
2636,One Arm Cable Rear Delt Fly
2637,Bicep Curl
2638,Standing Overhand Cable Row
2639,Wall Balls
2640,Dead Stop Barbell Row
2641,Squat @ 85%
2642,EZ Bar Close Grip Bench
2643,1d) Push Up with Feet Elevated or Feet on Wall Push Up
2644,Bent Leg Trunk Twist
2645,Weighted Jump Squat
2646,Partner Hamstring Curls
2647,Overhead Squats
2648,Behind-the-back Shrug
2649,Bodyweight Squats
2650,V-Sits
2651,Single Arm Dumbbell Chest Press 
2652,Superset: Split jump squat and goblet squat
2653,Two Arm Seated Dumbbell Extension - Burn
2654,Standing Cable Twist
2655,Floor Press
2656,Lying Side Crunch
2657,Inner Leg Machine
2658,Dumbbell Shrugs  - Muscle
2659,Rotating Mountain Climber
2660,Cable Front Raise
2661,Skull Crushers 
2662,Incline Bench Press  - Muscle
2663,Reverse Hack Squats
2664,Dumbbell Pull Over
2665,TRX Suspension Split Squat
2666,A3: Push Ups with Feet Elevated
2667,Standing Cable Wood Chop
2668,V-bar Push-Downs
2669,Bench Press - Cluster Sets
2670,Barbell Shoulder Presses
2671,Seated Dumbbell Side Lateral Raise
2672,Machine Chest Press
2673,Dips - Superset #3
2674,Planks: Front and Sides
2675,Paused Weighted Push-Up
2676,Cable Upright Row
2677,75% of 1RM
2678,Lying Banded Leg Curl
2679,Dumbbell Incline Bench Press
2680,Reverse Grip Barbell Curl
2681,One Legged 
2682,Side Plank with Cable Row 
2683,Band Goodmornings
2684,Car Pushes
2685,Standing Cable Low Row
2686,One Arm Kickback
2687,Rear Delt Barbell Row
2688,Leg Lifts
2689,Soldier Walks
2690,Landmine Squat
2691,"Floor Press/Dumbbell Floor Press/Rack Lockouts/Board Presses (choose 1 only, rotate week to week)"
2692,Standing Band Fly
2693,Lateral Lunges
2694,Paused Bench Press 85-90% of paused max
2695,Incline Bench Press
2696,Booty Lunges
2697,Dumbbell Rows on Bench
2698,Clam Shells
2699,Kettlebell Shoulder Press
2700,Standing Leg Curl
2701,Palov Press - Hip Extension
2702,Half Kneeling Cable Chop 
2703,Shoulder Swings
2704,Incline Bench Dumbbell Curl
2705,Cable Lateral Raise
2706,Single-Arm Landmine Press
2707,3B: Weighted Rear-Foot Elevated Bulgarian Split Squats
2708,Power Barbell Shrug
2709,DB Kickbacks
2710,Dumbbell Side Raise
2711,Standing Dumbbell Press
2712,One Arm Machine Row
2713,Side Plank with Hip Dip
2714,Straight Arm Pulldowns
2715,Dumbbell Glute Bridge
2716,Behind the Back Shrug
2717,Goblet Squats
2718,Dumbbell Shrug (Seated)
2719,Barbell Curls (5x5 or 4x6)
2720,Leaning Curl
2721,Pike w/ Stability Ball
2722,Shoulder Presses
2723,Platform Lunge
2724,Dumbbell Floor Press
2725,20 Secs
2726,Plantar Fascia w/ Lacrosse Ball
2727,Cable curls
2728,Pikes (Shins On Swiss Ball)
2729,Standing Alternating Dumbbell Hammer Curl
2730,Standing Cable Row
2731,Kettlebell Swings
2732,Feet-Elevated Push Ups (5/1/1 Tempo)
2733,Single Leg Extension
2734,Front Press
2735,Full Sit Up
2736,Inverted Pull Ups
2737,A2: Wide-Grip Pull-Up
2738,Week 2
2739,"Seated Tricep Extensions (Dumbbell, Rope, or EZ Bar)"
2740,Dumbbell Crush Press
2741,Walking
2742,Feet Elevated Push Ups
2743,One Arm Upright Row
2744,Supine Figure 8s to the Right
2745,Plie Jump Squats 
2746,Lying Extensions
2747,Barbell or Dumbbell Deadlift
2748,Strict Curl (see notes below)
2749,Single Leg Calf Raises
2750,Leverage Chest Press
2751,Incline Dumbbell Flye - Warmup 80%
2752,Upright Row
2753,Squats (Ramped)
2754,Close Grip Lat Pulldown
2755,Set 1
2756,of 1RM
2757,Abductor Machine
2758,Leg Curl  - Muscle
2759,Interval training – choose any form of cardio for a total of 14 minutes
2760,Weighted Crunch
2761,Barbell Calf Raise
2762,Banded Pushups
2763,Overhead Dumbbell Extensions
2764,Dumbbell Hip Thrust
2765,Single leg Bulgarian split squat and single leg dumbbell calf raise
2766,Wide Grip Weighted Pull Ups
2767,One arm cable row (3-1-3 rep timing)
2768,(Assisted) Nordic Hamstring Curls
2769,1B: Medium or Wide-Grip Pull-Ups
2770,T-Bar Rows
2771,Kettlebell Split Squat
2772,Dumbbell Reverse Lunge 
2773,Skullcrusher - Muscle
2774,1 to 2 Quads Exercises of Choice
2775,Walk Outs to Shoulder Taps
2776,Banded Leg Curl
2777,Wide-grip pull-up
2778,Close Grip Lat Pull Down
2779,EZ Bar Preacher Curl
2780,Bench Squat (3 second pause while sitting) *******
2781,Incline Dumbbell Flye
2782,Twisting Rope Crunch
2783,Lying dumbbell extension/bench step-up
2784,Dumbbell Overhead Extension
2785,Kettlebell Swings (Warmup)
2786,Dips or Cable Extensions
2787,Band 2 Arm Kickbacks (Hold Contractions for 4 Seconds)
2788,Set 13
2789,Wide Grip Cable Row
2790,Smith Split Lunge
2791,- Ab Wheel or Barbell Rollout
2792,Speed Bag
2793,Glute Bridge Single-Arm Kettlebell Bench Press
2794,Dumbbell Tricep Overhead Extension
2795,Close Grip Seated Cable Row
2796,Seated Overhead EZ Bar Tricep Extension
2797,Front Squat - Muscle
2798,Decline Close Grip Tricep Press
2799,Seated Calf Raise - Muscle
2800,Barbell Hack Squat
2801,Pushups
2802,Week 9
2803,Incline Push Up
2804,Smith Machine Row
2805,Romanian Deadlift or Leg Curl  - Muscle
2806,Kneeling Incline Cross
2807,Close grip push ups
2808,Dumbbell Plie Squat
2809,Seated Band Leg Curl
2810,Walk Ups
2811,Nordic Hamstring Curl
2812,Horizontal Leg Raise
2813,Incline Bench Dumbbell Flye
2814,Pull-Ups or Bent Over Rows 3
2815,Week 5
2816,Seated Dumbbell Lateral Raise
2817,Incline Barbell Press
2818,Kettlebell Goblet Squat
2819,Weighted Dips (Add weight when you can total 35)
2820,EZ Bar Curls
2821,Program Week
2822,Hip Thrust
2823,4A: Weighted Single Leg Calf Raise
2824,"Heavy Stone Lap, Stack & Carry"
2825,One Arm Dumbbell Rows
2826,Elevated Push Ups
2827,Rear Delt Raise
2828,Straight Bar Cable Curls
2829,Neutral Grip Pull Up*
2830,Prisoner Squat
2831,Hanging L
2832,Upright Row/Barbell Shrug Superset (see notes)
2833,EZ Bar Skull Crushers
2834,Arnold Dumbbell Press
2835,Leg Curls *
2836,Triset:
2837,Rope Hammer Curls
2838,High Seated Incline Bench Press OR Dips
2839,ATG Squat
2840,Powerclean and Press
2841,Superset: Incline Bench Dumbbell Press & Wide-Grip Pull-Up
2842,Barbell or Ab Wheel Roll Outs
2843,Squat Jump
2844,Heavy Dumbbell Rows
2845,2 Squat Pulses to Squat
2846,Machine Shoulder Leg Press**
2847,Leg Extension (Triple drop set)
2848,Barbell Jump Squat
2849,Smith Machine Front Squat
2850,Superset - Dumbbell Bench Press
2851,Counterbalanced Single Leg Squat to Bench
2852,Heavy Sumo Stance Deadlifts - Week 2
2853,bar preacher curls 
2854,Walkouts
2855,Farmer Walk
2856,Plank to Opposite Raise 
2857,Bosu Power Push Up
2858,Feet Elevated Diamond Push-ups
2859,Narrow Stance Squats
2860,Bench Dips
2861,Single Arm Dumbbell Shoulder Press
2862,Rope Cable Face Pulls
2863,Full Body Activation Flow
2864,Cable Overhead Tricep Extension
2865,Bulgarian Split Squat (Reps are per leg)
2866,Incline DB Curl
2867,Standing Calf Machine
2868,Cable Crossover Tricep Pushdown
2869,Tricep Extensions or Dumbbell Skullcrushers
2870,Barbell Hip Thrust (superset)
2871,Wide
2872,Deadlift
2873,Straight bar pushdowns
2874,Leg Raise
2875,1 to 2 Hamstring Exercises of Choice
2876,Single Arm Dumbbell Row
2877,Standing Dumbbell Curl
2878,Lateral Box Jump
2879,Biceps and Triceps
2880,B2: Parallel Bar Triceps Dips
2881,Power Barbell Shrug - Muscle
2882,Glute Kickbacks
2883,Barbell Front Raise
2884,Lying Hamstring Curls
2885,Side Lying Dumbbell Reverse Fly
2886,Standing Band Crunch
2887,Ring Inn & Outs*
2888,Close Grip Bench Press (Pump)
2889,Leg Press **
2890,Hyperextension
2891,Rope Push-Downs (4 count at the bottom of each rep)
2892,Bodyweight Curtsey Lunge
2893,Overhead Smith Machine Press
2894,Inverted Row
2895,Triceps Extension
2896,Pike Layouts
2897,Neutral Grip Incline Bench Press
2898,Renegade Rows 3
2899,65% of 1RM
2900,Partial Lateral Raise
2901,Single Lying Leg Raise
2902,Hyperextensions 
2903,Eccentric Push Up
2904,Barbell Preacher Curls
2905,Superset - Seated Cable Row
2906,Single-Arm Cable Lat Pulldown
2907,Dumbbell Step Ups
2908,Alternating Front Raise
2909,Iso Lateral Raise
2910,Bodyweight Standing Calf Raise
2911,Bent-Over Barbell Row
2912,Weighted Leg Raise
2913,Chest Dips
2914,EZ Bar Curls - Pump sets
2915,Cable Delt Raises
2916,EZ Bar Skullcrusher
2917,Chin Up
2918,Kneeling Overhead Tricep Extension Over Flat Bench
2919,Bent Over Dumbbell Rear Fly
2920,Barbell Rows or Military Press
2921,Elevated Stiff Legged Deadlift
2922,Band Upright Rows
2923,Pec Deck Fly
2924,- Set 2 at 60%
2925,Smith Elbows Out Close Grip Bench Press
2926,Standing Band Rotation
2927,Flat DB Fly
2928,Push Ups with Feet Elevated
2929,Barbell Floor Deadlift or Barbell Back Squat
2930,TRX Suspension Push Up
2931,Barbell Squat - 90 seconds between sets
2932,Lying Low Cable Curl
2933,Bent Over Reverse Fly
2934,Rope Pushdown
2935,Standing Dumbbell Side Lateral Raise
2936,Ab Exercise (Pick your favorite)
2937,Power Shrugs
2938,Torso Elevated Lying Leg Curl****
2939,Single Standing Leg Curl
2940,Smith Overhead Press
2941,Bench Press on Swiss ball if available
2942,Upright Rows or Seated Arnold Press
2943,Rope Tricep Push down
2944,Single Arm Cable Row
2945,Close Grip Press
2946,Seated Dumbbell Curls
2947,Kettle Bell Hollow Holds
2948,Push Up to Burpee
2949,Stability Ball Curl
2950,Paused Bench Press or Close Grip Bench Press
2951,Dumbbell High Pull (Standing)
2952,Standing Overhead Press @ 80%
2953,Dumbbell Side Bend
2954,Dumbbell Single Leg Deadlift 
2955,Wide Push Up
2956,Swiss Ball Dumbbell Press (see instructions)
2957,Alt Grip Pull Ups
2958,Heavy Dumbbell Front Raise
2959,Ab Wheel Rollout
2960,Reverse Sled Drags
2961,DB Reverse Lunge
2962,1 to 3 Biceps Exercises of Choice
2963,Weighted Ab Crunch
2964,Bench Press / Military Press (Alternate)
2965,Chair Leg Raise
2966,Hand Stand Push Ups
2967,Barbell RDL or Dumbbell Stiff Leg Deadlift
2968,Hammer Strength Bench Press
2969,Kettlebell Walking Lunge
2970,Push Ups (On knees if needed)
2971,"8:00
Breakfast"
2972,Body Flex with Chair
2973,Cursty Lunges w
2974,Walkouts (From Feet)
2975,Machine Bicep Curls - Warmup 80%
2976,Front Squat (Warm-up)
2977,Barbell Glute Bridge
2978,Floor Clean and Push Press
2979,Banded Good Morning*
2980,Kettlebell Split Lunge
2981,Dumbbell Flys
2982,Physioball Leg Curl
2983,Reverse Hypers
2984,4A: Box Jumps
2985,Floor Bench Press
2986,Dips or Cable Extension
2987,Row Squeeze (2 Sec Hold)
2988,Alternating Dumbbell Curl
2989,Pendlay Row Work Sets
2990,Prone Dumbbell Incline Curl
2991,Incline Single Arm Dumbbell Press
2992,Pinwheel Curl - Power
2993,Biceps - 2 Exercises
2994,Cable Face Pulls
2995,Seated Cable Rows
2996,Speed Front Squat
2997,Leg extensions
2998,Machine One Arm Row
2999,Handstand
3000,Glute Ham Raise (Rest 45-60 seconds between sets)
3001,Machine Lateral Raise
3002,Reverse Curls
3003,Single-Arm Incline Row
3004,Tricep Rope Pressdown
3005,Low Incline Fly
3006,Single Arm Behind Back Cable Lateral
3007,Skull Crushers
3008,Barbell Bicep Curl
3009,Wood Chop (Reps are per side)
3010,Close-Grip Machine Presses
3011,Ab Wheel Rollouts
3012,Close Grip Bench Presses
3013,"Triset: Hanging leg raise, 3-way plank and jump rope or mountain climbers"
3014,Dumbbell RDL
3015,Bent Over Reverse Flyes - Warmup 80%
3016,Right Leg Calf Raise
3017,Lactate Power Intervals (Shuttle Runs or other intense cardio)
3018,Inverted Row 
3019,Straight Arm Lat Pull Down
3020,Resistance Band Pull Down
3021,Chinups
3022,Body Squats
3023,Clean and Press
3024,Barbell Sumo Squats
3025,Dumbbell Snatch 
3026,Lat Pull Down - Warmup 70%
3027,Machine Tricep Dip
3028,Weighted Single Leg Calf Raises
3029,Cable Crossovers to Upper Chest
3030,Seated Cable Row - Narrow Grip
3031,Bent Over Dumbbell Reverse Fly
3032,Outside Side Leg Raises
3033,Hammer Curl
3034,Leg press
3035,Glute Bridges
3036,2 Board Bench Press
3037,Smith Machine Bent-Over Row
3038,Split Squat
3039,Scissor Crosses
3040,Upright Row or Seated Dumbbell Press
3041,Standing Cable Crunch
3042,T-Bar Row (or Two-Arm DB Row)
3043,"Box Jumps - 24"" to 30"""
3044,Seated Upright Row Machine
3045,Reverse Grip Chin Up
3046,Dumbbell Lateral Raise
3047,Leg Curl (45-60 secs rest between sets)
3048,Knee Huggers
3049,Barbell Wrist Curl
3050,"18:00-19:30
Workout"
3051,Concentration Curls
3052,Straight Leg Sit Up
3053,Prone Dumbbell Front Raise
3054,30 Secs
3055,Leg Curl (Last set follow w/ a drop set)
3056,Machine Seated Knee Raises**
3057,Set 15
3058,Bodyweight Skull Crushers
3059,Barbell Pullover
3060,Machine Chest Press - Working Sets
3061,Smith Incline Bench Press with Bands
3062,2 Chest Exercises of Choice
3063,2B: Reverse-Grip Chin-Ups
3064,Dumbbell Sack Squat Jump
3065,Deadlift (60% of 1RM)
3066,Decline Dumbbell Bench Press
3067,TRX Suspension Inverted Row
3068,Chest Press and Row
3069,Barbell Rollouts
3070,Banded Overhead Extension (Hold Stretch for 4 Seconds)
3071,10 inch Box Squat 
3072,Arm Circles
3073,Side Bends
3074,Seated Press Behind The Neck or Military Press
3075,Wide Grip Inverted Row
3076,Single Arm Kettlebell Shoulder Press
3077,Behind the Back Upright Row
3078,Deficit Stiff
3079,Deadlifts @ 80%
3080,Dumbbell Sumo Squat
3081,Reverse Lunge 
3082,Hyper Extension
3083,V Up
3084,Heel Elevated Split Squats
3085,Lying Leg Raises
3086,Pull Downs
3087,Pull Ups 
3088,Dumbbell Deadlift
3089,- Ring Inn & Outs
3090,Neutral Grip Pull-ups
3091,Set 7
3092,Superset - Two Arm Dumbbell Row
3093,Superset: Dumbbell front raise with Dumbbell side lateral
3094,Weighted Feet Elevated Suspension Supine Row
3095,Dumbbell Fly
3096,Seated Zottman Curl
3097,Wide-Grip Barbell Curl
3098,DB Bench
3099,LISS Cool Down
3100,Body Squat or Jump Squat
3101,Lateral Hurdle Hops
3102,Lying or Seated Leg Curl
3103,Machine Preacher Curls
3104,Machine Pull Down
3105,Kettlebell Single Leg Deadlift
3106,- Set 4 at 80%
3107,Standing Alternating Dumbbell Curls - Working Sets
3108,Dumbbell Lat Raise*
3109,Band Curl
3110,Bench Press or Military Press (Alternate)
3111,Floor Crunch
3112,Bulgarian split squat
3113,Pec Dec - Warmup 80%
3114,Static Handstand Hold
3115,Bench Press - Drop 5 Cycle
3116,Wide Stance Good Morning - Muscle
3117,Incline Dumbbell Bench Press or Incline Bench Press
3118,Barbell Flat Bench Press
3119,Seated Triceps Kickbacks
3120,Decline Board Crunches
3121,2
3122,Incline Bench Dumbbell Rows
3123,Lateral Bound
3124,Overhead Dumbbell Tricep Extension
3125,Muffin Tops
3126,Plate Passes
3127,Inverted Leg Press
3128,Tricep Rope Extension
3129,Lateral Raise
3130,Weighted Pullup
3131,Stiff Legged Deadlift
3132,Standing High Pulley Cable Curl
3133,Flat Bench Dumbbell Press
3134,Lying March
3135,Kettlebell Upright Row
3136,Dumbbell Frog Squat
3137,Standing Barbell Push Press
3138,Rear Foot Elevated Dumbbell Split Squat 
3139,Machine T-Bar
3140,Machine Chest Fly
3141,1c) Close Grip Dumbbell Press on the Floor
3142,Machine Flat Press
3143,Band Single Arm Curl
3144,Treadmill Incline Jog
3145,Lat Pulldown 
3146,Bird Dog 
3147,Kettlebell Turkish Get Up
3148,V-Bar Pull Ups
3149,Tricep Dips 
3150,Deep Squats w/ a 3-second pause at the bottom
3151,One Arm Cable Curl (Pump)
3152,Neutral Grip Pull Down
3153,Band Hammer Curls
3154,Superset: Front squat with Dumbbell Stiff Leg Deadlift
3155,Dumbbell Shrugs - Warmup 80%
3156,Supine Tricep Extension w
3157,2A: Parallel Bar or Bench Dips
3158,Machine Hack Squat
3159,Chest Dips or bench dip
3160,One Leg Leg Press
3161,Decline Push Up
3162,Box Squat (bench shown in video)
3163,Rope Cable Pushdowns
3164,Knee Extensions
3165,Split Jumps
3166,Vogelpohl Sit Up
3167,Barbell Rows - Power
3168,Single Leg Press or Walking Lunge
3169,Dumbbell Knee-In
3170,Superset - Good Mornings
3171,V-Bar Pull Down
3172,Side Lying Rear Delt Fly
3173,Incline Dumbbell Curl (45 seconds rest between sets)
3174,Ball Leg Curls or Glute
3175,Sled or Cable Pull Through
3176,Sprint
3177,Reverse Wrist Curls
3178,Preacher Curl (machine or free weight)
3179,Tabata Cardio
3180,10 inch Box Squat
3181,4 Chair Jacks
3182,Back Squat
3183,Military Press Variation - Standing or Seated
3184,Saws
3185,55% of 1RM
3186,Superset: One-leg calf raise and box or squat jump
3187,Machine Lat Pulldown
3188,Plyometric Push Up
3189,Bench Cable Flys/Pushups superset
3190,Facepull
3191,Close Grip Bench Press - Power
3192,Lunges (Alternating) 3
3193,Treadmill Incline Speed Walk
3194,Dumbbell Bench Press (Drop set on last set)
3195,Standing Band Lateral Raise
3196,2 Arm Dumbbell Kickback
3197,Tri-Set - Decline Dumbbell Flye
3198,- Burn Out (Failure)
3199,Rack
3200,Week 4
3201,Half Kneeling Dumbbell Single Arm Overhead Press 
3202,Calf Exercise
3203,Romanian Deadlifts
3204,Cable Pressdown
3205,EZ Bar Preacher Curl (Pump)
3206,Speed Pause Squat*
3207,Barbell Bent
3208,3-Way Shoulder Raises 3
3209,EZ Bar Preacher Curls
3210,Med Ball V Up
3211,Leg Curls w/ Exercise Ball 4
3212,Smith Machine Press - Working Sets
3213,Barbell Front Raise - Muscle
3214,Single Leg Bodyweight Hip Thrust
3215,Med Ball Squat
3216,Standing Overhead Dumbbell Iso Press
3217,Set 11
3218,Rope Pull Downs
3219,Glute Hyperextensions
3220,Machine Curl
3221,T Bar or Barbell Row
3222,Seated Rear Dumbbell Lateral Raise
3223,Week 6
3224,Week 7
3225,Incline Single Arm Chest Fly
3226,Hand Release Push Ups
3227,Cable Rope Extension
3228,Tricep Pressdowns
3229,Smith Machine Leg Press
3230,Single-Leg TRX Squat
3231,Cable Tricep Pushdown
3232,Band Hammer Curl
3233,Close Grip Lat Pulldown from Floor
3234,Machine Rear Delt Laterals
3235,Tricep Press Downs w
3236,One arm dumbbell row
3237,Kettlebell Deadlift
3238,Cable Incline Front Raise
3239,Rack Lat Stretch
3240,Leg Press - Working Sets
3241,Standing Barbell Curl
3242,Seated Barbell Curl (45 secs rest between sets)
3243,Dumbbell Front Raises*
3244,Barbell Roll Outs
3245,EZ Bar Cheat Curls (Make sure your biceps do most of the work!)
3246,Plank Jacks
3247,Superset: Close-grip push-up and banded or dumbbell curl
3248,Low Incline Dumbbell Fly
3249,Heel Elevated One & A Quarter Band Squats*
3250,Standing Barbell Curl - Muscle
3251,1 1/2 rep Front Squat
3252,Bent Over Dumbbell Flyes - Warmup 80%
3253,Hip Thrusts
3254,Smith Stiff Leg Deadlift
3255,Kneeling Reverse Grip Pressdown/Kneeling Close Grip Pressdown/Kneeling Overhead Cable Extension
3256,Pull Ups or Lat Pull Down
3257,Decline DB Press
3258,Wide Pronated Grip Pull
3259,"2c, Reverse Hyper"
3260,Straight Arm Pull Downs
3261,Smith Machine Hip Thrust
3262,Dumbbell Concentration Curl
3263,Cable EZ Bar Upright Row
3264,Cable Tricep Extension - Warmup 80%
3265,Rope Cable Curls
3266,Squat (Straight Sets)
3267,Hover (AKA plank)
3268,Upright Rows
3269,Superset - Goblet Squats
3270,Glute Ham Raise - Muscle
3271,- Ring Push Ups
3272,Single-Arm Dumbbell Flat Bench Chest Press
3273,Dumbbell Eccentric Front Squat
3274,Hanging Leg Lift
3275,Band Seated Concentration Curl (Hold Contractions 4 Seconds)
3276,Neutral Grip Dumbbell Lateral Raise 
3277,Incline bench curl/ab crunch
3278,Narrow Grip Bench Press
3279,Band Moto Rows
3280,V Bar Pushdown
3281,Dumbbell Skullcrushers
3282,Standing Calf Machine Raises
3283,Dumbbell Tricep Kickback
3284,EZ Bar Bicep 21s
3285,Seated Twist
3286,Incline Bench Press Machine
3287,Decline Bench Press
3288,Wide Grip Behind the Neck Pull Up
3289,Power Cleans
3290,Machine Row
3291,7
3292,Dumbbell Rows
3293,Machine Press or Dumbbell Bench Press
3294,Superset: Dumbbell Front Raise & Dumbbell Side Lateral
3295,Single Arm Machine Curls
3296,Low Rack Pull and Power Shrug Combo
3297,Weighted Pull Ups - Week 2
3298,Seated Military Press - Week 1
3299,Weighted Rope Crunch
3300,Barbell deadlift
3301,Seated Military Press
3302,Front Raise with Resistance
3303,Wide Grip Cable Row (overhand grip)
3304,Walking Stretch
3305,Rotator Cuff Warmup
3306,Front Plank
3307,Incline Dumbbell Iso Press
3308,07:30
3309,Flat bench dumbbell press/jump squat
3310,1 Board Bench Press
3311,Rear Foot Elevated Bulgarian Split Squat
3312,Diamond Push-Up
3313,"23:00
Bed"
3314,Standing Barbell Curl - Power
3315,Feet Elevated Pushup
3316,Supine Figure 8s to the Left
3317,Half Turkish Get Up
3318,Inverted Underhand Rows
3319,Bodyweight Jump Squats
3320,Standing EZ Bar Front Raise
3321,Hammer Spider Curl
3322,Valslide Body Saws
3323,Close Grip Seated Hammer Row
3324,Bodyweight Glute Bridge
3325,1 Arm Cable Row
3326,Leg Extension Triset - Increasing Weight *****
3327,Alternate V Twist
3328,Lat Pulldowns
3329,Seated French Press  - Muscle
3330,Military Press
3331,Smith Machine Sumo Squats 
3332,Hammer Strength High Row Machine
3333,Step
3334,Front Squat (Pyramid Up)
3335,Long Lever Plank
3336,Cable Tricep Extension (Pump)
3337,Diamond Pushups
3338,Barbell front squat
3339,X-Band Walk
3340,Barbell Shrug (1 second pause at top)
3341,EZ Bar Curl
3342,Pec Deck
3343,- Set 1 at 50%
3344,Seated Chest Press Drop Set*
3345,Hands Close Triceps Push Ups
3346,Goblet Squats 3
3347,Leg Curl - Warmup 80%
3348,T Bar Row
3349,Half
3350,Leg Curls (Pyramid up in weight)
3351,Triceps Dip
3352,Military Press or Lat Pull Downs
3353,EZ Bar Close-Grip Curls
3354,Ab Wheel or Barbell Rollouts
3355,Achilles Stretch
3356,Power Barbell Shrugs - Power
3357,Dumbbell Lunge (8 reps each leg)
3358,DB Front Raises
3359,Superset - Seated Two Arm Dumbbell Extension
3360,Russian Twists (Abs) 3
3361,Stiff Leg Deadlift with Dumbbells (Pyramid up in weight)
3362,Incline Barbell Chest Press
3363,Barbell French Press
3364,Cable Flys
3365,Rope Tricep Extension
3366,Medium
3367,2B: TRX Biceps Curls
3368,Meadows Row
3369,Incline dumbbell press and two
3370,Extended Plank Opposite Raise
3371,Crossbody Hammer Curl
3372,Pavlov Press
3373,Seated Dumbbell Press - Warmup 85%
3374,Tricep Machine
3375,Narrow Push Up
3376,Seated 1/2 Rep Barbell Curl
3377,(Weighted) Chin Up
3378,Goblet Squat
3379,Front Foot Elevated Split Squat
3380,Straight Bar Curl
3381,Wide Grip EZ-Bar Curl
3382,Incline Dumbbell Bench Press (At 15-25 degree angle)
3383,Toe Raise Squat
3384,Seated rows
3385,Dumbbell Leg Extension
3386,Outer Leg Raises on Mat
3387,Weighted Crunch*
3388,Dumbbell Lunges
3389,Rack Pull - Below the Knee
3390,Skullcrushers - Pump sets
3391,Crunch
3392,Barbell Front Squat (Use 20% less weight than your previous working sets)
3393,Single Arm Dumbbell Push Press
3394,Incline Dumbbell Bench Press 
3395,5
3396,1 Arm Tricep Pushdown
3397,Jumping Lunges
3398,3 Way Shoulders
3399,Lat Pull Down (Finish w/ drop set as 5th set)
3400,Walking Lunges
3401,Front Double Biceps Pose Upper Cable Curl
